-- phpMyAdmin SQL Dump
-- version 5.2.1
-- https://www.phpmyadmin.net/
--
-- Host: 127.0.0.1
-- Waktu pembuatan: 08 Agu 2024 pada 09.45
-- Versi server: 10.4.32-MariaDB
-- Versi PHP: 8.2.12

SET SQL_MODE = "NO_AUTO_VALUE_ON_ZERO";
START TRANSACTION;
SET time_zone = "+00:00";


/*!40101 SET @OLD_CHARACTER_SET_CLIENT=@@CHARACTER_SET_CLIENT */;
/*!40101 SET @OLD_CHARACTER_SET_RESULTS=@@CHARACTER_SET_RESULTS */;
/*!40101 SET @OLD_COLLATION_CONNECTION=@@COLLATION_CONNECTION */;
/*!40101 SET NAMES utf8mb4 */;

--
-- Database: `penjadwalan_perkuliahan`
--

-- --------------------------------------------------------

--
-- Struktur dari tabel `dosens`
--

CREATE TABLE `dosens` (
  `id` bigint(20) UNSIGNED NOT NULL,
  `kode_dos` varchar(10) NOT NULL,
  `nama` varchar(50) NOT NULL,
  `email` varchar(50) NOT NULL,
  `created_at` timestamp NULL DEFAULT NULL,
  `updated_at` timestamp NULL DEFAULT NULL
) ENGINE=InnoDB DEFAULT CHARSET=utf8mb4 COLLATE=utf8mb4_unicode_ci;

--
-- Dumping data untuk tabel `dosens`
--

INSERT INTO `dosens` (`id`, `kode_dos`, `nama`, `email`, `created_at`, `updated_at`) VALUES
(1, 'D101', 'Ahsani Takwim, S.Kom., M.Kom.', 'ahsanitakwim10@gmail.com', '2024-06-24 23:56:59', '2024-07-24 00:25:40'),
(3, 'D102', 'Agus Mulyana, S.T., S.Pd., M.Kom.', 'aguzrazta@gmail.com', '2024-06-26 09:57:24', '2024-07-24 00:28:16'),
(4, 'D103', 'Anggi Rizky Firdhani, M.Hum', 'Rizkyanggi94@gmail.com', '2024-07-24 00:30:24', '2024-07-24 02:54:31'),
(5, 'D104', 'Andri Nugraha Ramdhon S.Kom., M.Kom.', 'andri.nugraha.r@gmail.com', '2024-07-24 00:31:23', '2024-07-25 02:04:27'),
(6, 'D105', 'Dhany Indra Gunawan, S.T., M.Kom.', 'dhaindgun@gmail.com', '2024-07-24 00:59:48', '2024-07-26 03:17:15'),
(7, 'D106', 'Diyah Wijayati, S.Si., M.Si.', 'diyahwijayati@gmail.com', '2024-07-24 01:00:46', '2024-07-24 01:00:46'),
(8, 'D107', 'Farida Nurmala Sihotang, S.Si., M.Si.', 'farida.nurmalasihotang@gmail.com', '2024-07-24 01:02:40', '2024-07-24 01:02:40'),
(9, 'D108', 'Fahmi Abdullah, S.T., M.Kom.', 'tasik.fahmi@gmail.com', '2024-07-24 01:04:18', '2024-07-24 01:04:18'),
(10, 'D109', 'Mohammad Guntur, M.Kom.', 'oghe3460mohammad@gmail.com', '2024-07-24 01:06:44', '2024-07-24 01:06:44'),
(11, 'D110', 'Hendra Wibiksana, S.T., M.Kom.', 'hendra012@yahoo.co.id', '2024-07-24 01:07:29', '2024-07-24 01:07:29'),
(12, 'D111', 'Hena Sulaeman, S.T., M.Kom.', 'henasulaiman50@gmail.com', '2024-07-24 02:26:23', '2024-07-24 02:26:23'),
(13, 'D112', 'Iis Ismawati,S.Kom,.M.Kom.', 'cuiez86@gmail.com', '2024-07-24 02:28:07', '2024-07-24 02:28:07'),
(14, 'D113', 'Jack Febrian Rusdi, S.T., M.T.', 'inijack@gmail.com', '2024-07-24 02:28:53', '2024-07-24 02:28:53'),
(15, 'D114', 'Dr. Kristian Ismail, S.T., M.T.', 'ksan76san@gmail.com', '2024-07-24 02:29:32', '2024-07-24 02:29:32'),
(16, 'D115', 'Muhamad Malik Mutoffar, S.T., M.M.', 'alfredomm55@gmail.com', '2024-07-24 02:30:23', '2024-07-24 02:30:23'),
(17, 'D116', 'Nova Agustina, S.T., M.Kom.', 'novaagustina72@gmail.com', '2024-07-24 02:31:11', '2024-07-24 02:31:11'),
(18, 'D117', 'Sri Erina Damayanti, S.T., M.Kom.', 'srikandibrilliant1@gmail.com', '2024-07-24 02:31:59', '2024-07-24 02:31:59'),
(19, 'D118', 'Muhamad Sabar, S.T., M.T.', 'm.sabar.sttb@gmail.com', '2024-07-24 02:32:35', '2024-07-24 02:32:35'),
(20, 'D119', 'Sri Kuswayati, S.Si., M.Kom.', 'srikuswayatisttb@gmail.com', '2024-07-24 02:33:03', '2024-07-24 02:33:03'),
(21, 'D120', 'Suci Tresna Dewi Handayani, S.Pd., M.Pd.', 'sucihandayani024@gmail.com', '2024-07-24 02:34:16', '2024-07-24 02:34:16'),
(22, 'D121', 'Tarsinah Sumarni, S.Kom., M.Kom.', 'tarsinah1991@gmail.com', '2024-07-24 02:34:56', '2024-07-24 02:34:56'),
(23, 'D122', 'Titania Sari, S.S., M.Hum.', 'tita2408@yahoo.com', '2024-07-24 02:35:29', '2024-07-24 02:35:29'),
(24, 'D123', 'Widi Linggih Jaelani, S.Kom., M.T.', 'jaelaniwidi@gmail.com', '2024-07-24 02:38:49', '2024-07-24 02:38:49'),
(25, 'D124', 'Hadinata Prayoga, M.Hum.', 'prayogahadinata93@gmail.com', '2024-07-24 02:39:48', '2024-07-24 02:39:48'),
(26, 'D125', 'Dr. Yayat Hidayat, M.Pd.', 'hidayatuninuss31714@gmail.com', '2024-07-24 02:40:33', '2024-07-27 03:03:56'),
(27, 'D126', 'Ari Hadhiwibowo, S.T., M.Kom.', 'ari.sttb@gmail.com', '2024-07-24 02:41:23', '2024-07-24 02:41:23'),
(28, 'D127', 'Danny Aidil Rismayadi, S.SI., M.Kom.', 'danny.sttb@gmail.com', '2024-07-24 02:42:16', '2024-07-24 02:42:16'),
(29, 'D128', 'Muhammad Ikhwan Fathulloh, S.Kom.', 'muhammadikhwanfathulloh17@gmail.com', '2024-07-24 02:42:51', '2024-07-24 02:42:51'),
(30, 'D129', 'Adi Suwarno, Amd., S.Kom., M.Kom.', '@gmail.com', '2024-07-24 02:44:23', '2024-07-24 02:44:23'),
(31, 'D130', 'Niken Riyanti, S.T.', 'riyanti.niken@gmail.com', '2024-07-24 02:44:57', '2024-07-24 02:44:57');

-- --------------------------------------------------------

--
-- Struktur dari tabel `dosen_matkuls`
--

CREATE TABLE `dosen_matkuls` (
  `id` bigint(20) UNSIGNED NOT NULL,
  `dosen_id` bigint(20) UNSIGNED NOT NULL,
  `matakuliah_id` bigint(20) UNSIGNED NOT NULL,
  `semester` int(11) NOT NULL,
  `sks` int(11) NOT NULL,
  `created_at` timestamp NULL DEFAULT NULL,
  `updated_at` timestamp NULL DEFAULT NULL
) ENGINE=InnoDB DEFAULT CHARSET=utf8mb4 COLLATE=utf8mb4_unicode_ci;

--
-- Dumping data untuk tabel `dosen_matkuls`
--

INSERT INTO `dosen_matkuls` (`id`, `dosen_id`, `matakuliah_id`, `semester`, `sks`, `created_at`, `updated_at`) VALUES
(1, 1, 8, 2, 2, '2024-08-07 22:19:12', '2024-08-07 22:19:12'),
(2, 1, 17, 4, 3, '2024-08-07 22:20:05', '2024-08-07 22:20:05'),
(3, 1, 20, 6, 3, '2024-08-07 22:21:06', '2024-08-07 22:21:06'),
(4, 1, 23, 6, 3, '2024-08-07 22:21:24', '2024-08-07 22:23:39'),
(5, 3, 8, 2, 2, '2024-08-07 22:24:21', '2024-08-07 22:24:21'),
(6, 3, 13, 4, 3, '2024-08-07 22:24:53', '2024-08-07 22:24:53'),
(7, 3, 17, 4, 3, '2024-08-07 22:25:08', '2024-08-07 22:25:08'),
(8, 3, 23, 6, 3, '2024-08-07 22:25:43', '2024-08-07 22:25:43'),
(9, 3, 20, 6, 3, '2024-08-07 22:26:28', '2024-08-07 22:26:28'),
(10, 4, 4, 2, 2, '2024-08-07 22:58:49', '2024-08-07 22:58:49'),
(11, 5, 16, 4, 3, '2024-08-07 22:59:41', '2024-08-07 22:59:41'),
(12, 5, 24, 6, 3, '2024-08-07 22:59:56', '2024-08-07 22:59:56'),
(13, 6, 2, 2, 3, '2024-08-07 23:01:20', '2024-08-07 23:01:20'),
(14, 6, 19, 6, 3, '2024-08-07 23:01:45', '2024-08-07 23:01:45'),
(15, 7, 10, 2, 3, '2024-08-07 23:02:24', '2024-08-07 23:02:24'),
(16, 8, 10, 2, 3, '2024-08-07 23:02:49', '2024-08-07 23:02:49'),
(17, 8, 7, 2, 3, '2024-08-07 23:03:05', '2024-08-07 23:03:05'),
(18, 9, 15, 4, 3, '2024-08-07 23:03:31', '2024-08-07 23:03:31'),
(19, 10, 6, 2, 2, '2024-08-07 23:03:56', '2024-08-07 23:03:56'),
(20, 10, 3, 2, 3, '2024-08-07 23:04:14', '2024-08-07 23:04:14'),
(21, 10, 17, 4, 3, '2024-08-07 23:04:32', '2024-08-07 23:04:32'),
(22, 11, 8, 2, 2, '2024-08-07 23:04:50', '2024-08-07 23:04:50'),
(23, 11, 14, 4, 3, '2024-08-07 23:05:08', '2024-08-07 23:05:08'),
(24, 11, 15, 4, 3, '2024-08-07 23:05:24', '2024-08-07 23:05:24'),
(25, 12, 13, 4, 3, '2024-08-07 23:06:33', '2024-08-07 23:06:33'),
(26, 13, 11, 4, 3, '2024-08-07 23:07:11', '2024-08-07 23:07:11'),
(27, 13, 12, 4, 3, '2024-08-07 23:07:27', '2024-08-07 23:07:27'),
(28, 13, 25, 8, 3, '2024-08-07 23:07:41', '2024-08-07 23:07:41'),
(29, 14, 8, 2, 2, '2024-08-07 23:08:44', '2024-08-07 23:08:44'),
(30, 14, 26, 8, 2, '2024-08-07 23:13:46', '2024-08-07 23:13:46'),
(31, 15, 7, 2, 3, '2024-08-07 23:19:29', '2024-08-07 23:19:29'),
(32, 15, 10, 2, 3, '2024-08-07 23:19:44', '2024-08-07 23:19:44'),
(33, 15, 21, 6, 3, '2024-08-07 23:20:07', '2024-08-07 23:20:07'),
(34, 16, 2, 2, 3, '2024-08-07 23:20:56', '2024-08-07 23:20:56'),
(35, 16, 3, 2, 3, '2024-08-07 23:21:13', '2024-08-07 23:21:13'),
(36, 16, 17, 4, 3, '2024-08-07 23:21:37', '2024-08-07 23:21:37'),
(37, 16, 13, 4, 3, '2024-08-07 23:22:04', '2024-08-07 23:22:04'),
(38, 16, 20, 6, 3, '2024-08-07 23:22:44', '2024-08-07 23:22:44'),
(39, 17, 16, 4, 3, '2024-08-07 23:23:35', '2024-08-07 23:23:35'),
(40, 17, 24, 6, 3, '2024-08-07 23:23:55', '2024-08-07 23:23:55'),
(41, 17, 19, 6, 3, '2024-08-07 23:24:24', '2024-08-07 23:24:24'),
(42, 18, 14, 4, 3, '2024-08-08 00:04:52', '2024-08-08 00:04:52'),
(43, 18, 22, 6, 3, '2024-08-08 00:05:08', '2024-08-08 00:05:08'),
(44, 19, 6, 2, 2, '2024-08-08 00:05:36', '2024-08-08 00:05:36'),
(45, 19, 12, 4, 3, '2024-08-08 00:06:00', '2024-08-08 00:06:00'),
(46, 19, 11, 4, 3, '2024-08-08 00:06:18', '2024-08-08 00:06:18'),
(47, 19, 26, 8, 2, '2024-08-08 00:06:36', '2024-08-08 00:06:36'),
(48, 20, 14, 4, 3, '2024-08-08 00:07:16', '2024-08-08 00:07:16'),
(49, 20, 22, 6, 3, '2024-08-08 00:07:30', '2024-08-08 00:07:30'),
(50, 21, 4, 2, 2, '2024-08-08 00:07:57', '2024-08-08 00:07:57'),
(51, 22, 14, 4, 3, '2024-08-08 00:08:26', '2024-08-08 00:08:26'),
(52, 22, 22, 6, 3, '2024-08-08 00:08:40', '2024-08-08 00:08:40'),
(53, 22, 20, 6, 3, '2024-08-08 00:09:00', '2024-08-08 00:09:00'),
(54, 22, 26, 8, 2, '2024-08-08 00:09:26', '2024-08-08 00:09:26'),
(55, 23, 4, 2, 2, '2024-08-08 00:09:57', '2024-08-08 00:09:57'),
(56, 24, 2, 2, 3, '2024-08-08 00:10:30', '2024-08-08 00:10:30'),
(57, 24, 13, 4, 3, '2024-08-08 00:10:51', '2024-08-08 00:10:51'),
(58, 24, 20, 6, 3, '2024-08-08 00:11:09', '2024-08-08 00:11:09'),
(59, 24, 25, 8, 3, '2024-08-08 00:11:27', '2024-08-08 00:11:27'),
(60, 25, 18, 6, 2, '2024-08-08 00:12:09', '2024-08-08 00:12:09'),
(61, 26, 9, 2, 2, '2024-08-08 00:12:37', '2024-08-08 00:12:37'),
(62, 27, 21, 6, 3, '2024-08-08 00:13:07', '2024-08-08 00:13:07'),
(63, 27, 25, 8, 3, '2024-08-08 00:13:18', '2024-08-08 00:13:18'),
(64, 28, 12, 4, 3, '2024-08-08 00:13:40', '2024-08-08 00:13:40'),
(65, 28, 20, 6, 3, '2024-08-08 00:13:53', '2024-08-08 00:13:53'),
(66, 29, 21, 6, 3, '2024-08-08 00:14:42', '2024-08-08 00:14:42'),
(67, 29, 19, 6, 3, '2024-08-08 00:15:02', '2024-08-08 00:15:02'),
(68, 30, 11, 4, 3, '2024-08-08 00:15:51', '2024-08-08 00:15:51'),
(69, 30, 12, 4, 3, '2024-08-08 00:16:09', '2024-08-08 00:16:09'),
(70, 31, 16, 4, 3, '2024-08-08 00:16:28', '2024-08-08 00:16:28');

-- --------------------------------------------------------

--
-- Struktur dari tabel `dosen_waktus`
--

CREATE TABLE `dosen_waktus` (
  `id` bigint(20) UNSIGNED NOT NULL,
  `dosen_id` bigint(20) UNSIGNED NOT NULL,
  `hari_id` bigint(20) UNSIGNED NOT NULL,
  `jam_id` bigint(20) UNSIGNED NOT NULL,
  `created_at` timestamp NULL DEFAULT NULL,
  `updated_at` timestamp NULL DEFAULT NULL
) ENGINE=InnoDB DEFAULT CHARSET=utf8mb4 COLLATE=utf8mb4_unicode_ci;

--
-- Dumping data untuk tabel `dosen_waktus`
--

INSERT INTO `dosen_waktus` (`id`, `dosen_id`, `hari_id`, `jam_id`, `created_at`, `updated_at`) VALUES
(7, 1, 2, 2, '2024-07-25 07:55:51', '2024-07-25 08:01:45'),
(11, 1, 2, 3, '2024-07-25 08:02:05', '2024-07-25 08:02:05'),
(12, 1, 2, 4, '2024-07-25 08:15:25', '2024-07-25 08:15:25'),
(13, 1, 2, 5, '2024-07-25 08:17:06', '2024-07-25 08:17:06'),
(14, 1, 2, 6, '2024-07-25 08:17:29', '2024-07-25 08:17:29'),
(15, 1, 2, 7, '2024-07-25 08:17:45', '2024-07-25 08:17:45'),
(16, 1, 2, 8, '2024-07-25 09:11:39', '2024-07-25 09:11:39'),
(17, 1, 2, 9, '2024-07-25 09:11:48', '2024-07-25 09:11:48'),
(18, 1, 2, 10, '2024-07-25 09:11:59', '2024-07-25 09:11:59'),
(19, 1, 2, 11, '2024-07-25 09:12:34', '2024-07-25 09:12:34'),
(20, 1, 2, 13, '2024-07-25 09:12:45', '2024-07-25 09:12:45'),
(21, 1, 2, 14, '2024-07-25 09:13:16', '2024-07-25 09:13:16'),
(22, 1, 5, 2, '2024-07-26 01:24:12', '2024-07-26 01:24:12'),
(23, 1, 5, 3, '2024-07-26 01:28:16', '2024-07-26 01:28:16'),
(24, 1, 5, 4, '2024-07-26 01:36:40', '2024-07-26 01:36:40'),
(25, 1, 5, 5, '2024-07-26 01:36:52', '2024-07-26 01:36:52'),
(26, 1, 5, 6, '2024-07-26 01:37:03', '2024-07-26 01:37:03'),
(27, 1, 5, 7, '2024-07-26 01:37:18', '2024-07-26 01:37:18'),
(28, 1, 5, 8, '2024-07-26 01:37:35', '2024-07-26 01:37:35'),
(29, 1, 5, 9, '2024-07-26 01:37:48', '2024-07-26 01:37:48'),
(30, 1, 5, 10, '2024-07-26 01:38:08', '2024-07-26 01:38:08'),
(31, 1, 5, 11, '2024-07-26 01:38:32', '2024-07-26 01:38:32'),
(32, 1, 5, 13, '2024-07-26 01:38:42', '2024-07-26 01:38:42'),
(33, 1, 5, 14, '2024-07-26 01:39:00', '2024-07-26 01:39:00'),
(34, 3, 4, 5, '2024-07-26 02:49:23', '2024-07-26 02:49:23'),
(35, 3, 4, 6, '2024-07-26 02:49:39', '2024-07-26 02:49:39'),
(36, 3, 4, 7, '2024-07-26 02:49:50', '2024-07-26 02:49:50'),
(37, 3, 4, 8, '2024-07-26 02:50:51', '2024-07-26 02:50:51'),
(38, 3, 4, 9, '2024-07-26 02:51:01', '2024-07-26 02:51:01'),
(39, 3, 4, 10, '2024-07-26 02:51:11', '2024-07-26 02:51:11'),
(40, 3, 4, 11, '2024-07-26 02:51:24', '2024-07-26 02:51:24'),
(41, 3, 4, 13, '2024-07-26 02:51:38', '2024-07-26 02:51:38'),
(42, 3, 5, 5, '2024-07-26 02:52:53', '2024-07-26 02:52:53'),
(43, 3, 5, 6, '2024-07-26 02:53:03', '2024-07-26 02:53:03'),
(44, 3, 5, 7, '2024-07-26 02:53:13', '2024-07-26 02:53:13'),
(45, 3, 5, 8, '2024-07-26 02:53:42', '2024-07-26 02:53:42'),
(46, 3, 5, 9, '2024-07-26 02:53:51', '2024-07-26 02:53:51'),
(47, 3, 5, 10, '2024-07-26 02:54:07', '2024-07-26 02:54:07'),
(48, 3, 5, 11, '2024-07-26 02:54:17', '2024-07-26 02:54:17'),
(49, 3, 5, 13, '2024-07-26 02:54:30', '2024-07-26 02:54:30'),
(50, 3, 7, 5, '2024-07-26 02:55:19', '2024-07-26 02:55:19'),
(51, 3, 7, 6, '2024-07-26 02:55:30', '2024-07-26 02:55:30'),
(52, 3, 7, 7, '2024-07-26 02:55:40', '2024-07-26 02:55:40'),
(53, 3, 7, 8, '2024-07-26 02:55:58', '2024-07-26 02:55:58'),
(54, 3, 7, 9, '2024-07-26 02:56:54', '2024-07-26 02:56:54'),
(55, 3, 7, 10, '2024-07-26 02:57:08', '2024-07-26 02:57:08'),
(56, 3, 7, 11, '2024-07-26 02:57:17', '2024-07-26 02:57:17'),
(57, 3, 7, 13, '2024-07-26 02:57:26', '2024-07-26 02:57:26'),
(58, 4, 1, 8, '2024-07-26 03:03:52', '2024-07-26 03:03:52'),
(59, 4, 1, 9, '2024-07-26 03:04:01', '2024-07-26 03:04:01'),
(60, 4, 1, 10, '2024-07-26 03:04:12', '2024-07-26 03:04:12'),
(61, 4, 1, 11, '2024-07-26 03:04:22', '2024-07-26 03:04:22'),
(62, 4, 1, 13, '2024-07-26 03:04:36', '2024-07-26 03:04:36'),
(63, 4, 1, 14, '2024-07-26 03:04:54', '2024-07-26 03:04:54'),
(64, 4, 7, 8, '2024-07-26 03:07:42', '2024-07-26 03:07:42'),
(65, 4, 7, 9, '2024-07-26 03:07:53', '2024-07-26 03:07:53'),
(66, 4, 7, 10, '2024-07-26 03:08:10', '2024-07-26 03:08:10'),
(67, 4, 7, 11, '2024-07-26 03:08:22', '2024-07-26 03:10:03'),
(68, 4, 7, 13, '2024-07-26 03:08:52', '2024-07-26 03:10:12'),
(69, 4, 7, 14, '2024-07-26 03:10:21', '2024-07-26 03:10:21'),
(70, 5, 2, 2, '2024-07-26 03:12:02', '2024-07-26 03:12:02'),
(71, 5, 2, 3, '2024-07-26 03:12:14', '2024-07-26 03:12:14'),
(72, 5, 2, 4, '2024-07-26 03:12:25', '2024-07-26 03:12:25'),
(73, 5, 4, 2, '2024-07-26 03:12:41', '2024-07-26 03:14:23'),
(74, 5, 4, 3, '2024-07-26 03:14:32', '2024-07-26 03:14:32'),
(75, 5, 4, 4, '2024-07-26 03:14:42', '2024-07-26 03:14:42'),
(76, 5, 5, 2, '2024-07-26 03:15:00', '2024-07-26 03:15:00'),
(77, 5, 5, 3, '2024-07-26 03:15:11', '2024-07-26 03:15:11'),
(78, 5, 5, 4, '2024-07-26 03:15:21', '2024-07-26 03:15:21'),
(79, 5, 7, 2, '2024-07-26 03:15:31', '2024-07-26 03:15:31'),
(80, 5, 7, 3, '2024-07-26 03:15:41', '2024-07-26 03:15:41'),
(81, 5, 7, 4, '2024-07-26 03:15:42', '2024-07-26 03:17:52'),
(82, 6, 1, 5, '2024-07-26 03:15:54', '2024-07-26 03:23:16'),
(83, 6, 1, 6, '2024-07-26 03:23:33', '2024-07-26 03:23:33'),
(84, 6, 1, 7, '2024-07-26 03:23:50', '2024-07-26 03:23:50'),
(85, 6, 1, 8, '2024-07-26 03:24:12', '2024-07-26 03:24:12'),
(86, 6, 1, 9, '2024-07-26 03:24:25', '2024-07-26 03:24:25'),
(87, 6, 1, 10, '2024-07-26 03:24:40', '2024-07-26 03:24:40'),
(88, 6, 1, 11, '2024-07-26 03:25:00', '2024-07-26 03:25:00'),
(89, 6, 1, 13, '2024-07-26 03:25:16', '2024-07-26 03:25:16'),
(90, 6, 1, 14, '2024-07-26 03:25:28', '2024-07-26 03:25:28'),
(91, 6, 2, 5, '2024-07-26 03:37:39', '2024-07-26 03:37:39'),
(92, 6, 2, 6, '2024-07-26 03:38:20', '2024-07-26 03:38:20'),
(93, 6, 2, 7, '2024-07-26 03:38:38', '2024-07-26 03:38:38'),
(94, 6, 2, 8, '2024-07-26 03:38:59', '2024-07-26 03:38:59'),
(95, 6, 2, 9, '2024-07-26 03:39:15', '2024-07-26 03:39:15'),
(96, 6, 2, 10, '2024-07-26 03:39:27', '2024-07-26 03:39:27'),
(97, 6, 2, 11, '2024-07-26 03:39:41', '2024-07-26 03:39:41'),
(98, 6, 2, 13, '2024-07-26 03:39:52', '2024-07-26 03:39:52'),
(99, 6, 2, 14, '2024-07-26 03:40:02', '2024-07-26 03:40:02'),
(100, 6, 4, 5, '2024-07-26 06:44:16', '2024-07-26 06:44:16'),
(101, 6, 4, 6, '2024-07-26 06:44:30', '2024-07-26 06:44:30'),
(102, 6, 4, 7, '2024-07-26 06:45:16', '2024-07-26 06:45:16'),
(103, 6, 4, 8, '2024-07-26 06:45:32', '2024-07-26 06:45:32'),
(104, 6, 4, 9, '2024-07-26 06:45:44', '2024-07-26 06:45:44'),
(105, 6, 4, 10, '2024-07-26 06:46:04', '2024-07-26 06:46:04'),
(106, 6, 4, 11, '2024-07-26 06:46:27', '2024-07-26 06:46:27'),
(107, 6, 4, 14, '2024-07-26 06:46:46', '2024-07-26 06:47:15'),
(108, 6, 4, 13, '2024-07-26 06:47:04', '2024-07-26 06:47:04'),
(109, 6, 5, 5, '2024-07-26 06:48:25', '2024-07-26 06:48:25'),
(112, 6, 5, 6, '2024-07-26 06:48:50', '2024-07-26 06:49:04'),
(113, 6, 5, 7, '2024-07-26 06:49:28', '2024-07-26 06:49:28'),
(114, 6, 5, 8, '2024-07-26 06:49:51', '2024-07-26 06:49:51'),
(115, 6, 5, 9, '2024-07-26 06:50:00', '2024-07-26 06:50:00'),
(116, 6, 5, 10, '2024-07-26 06:50:11', '2024-07-26 06:50:11'),
(117, 6, 5, 11, '2024-07-26 06:50:22', '2024-07-26 06:50:22'),
(118, 6, 5, 13, '2024-07-26 06:50:32', '2024-07-26 06:50:32'),
(119, 6, 5, 14, '2024-07-26 06:50:53', '2024-07-26 06:50:53'),
(120, 6, 7, 5, '2024-07-26 06:57:06', '2024-07-26 06:57:06'),
(121, 6, 7, 6, '2024-07-26 06:57:22', '2024-07-26 06:57:22'),
(122, 6, 7, 7, '2024-07-26 06:57:31', '2024-07-26 06:57:31'),
(123, 6, 7, 8, '2024-07-26 06:57:42', '2024-07-26 06:57:42'),
(124, 6, 7, 9, '2024-07-26 06:57:51', '2024-07-26 06:57:51'),
(125, 6, 7, 10, '2024-07-26 06:58:01', '2024-07-26 06:58:01'),
(126, 6, 7, 11, '2024-07-26 06:58:10', '2024-07-26 06:58:10'),
(127, 6, 7, 13, '2024-07-26 06:58:38', '2024-07-26 06:58:38'),
(128, 6, 7, 14, '2024-07-26 06:58:46', '2024-07-26 06:58:46'),
(129, 7, 2, 2, '2024-07-26 07:03:12', '2024-07-26 07:03:12'),
(130, 7, 2, 3, '2024-07-26 07:03:22', '2024-07-26 07:03:22'),
(131, 7, 2, 4, '2024-07-26 07:03:34', '2024-07-26 07:03:34'),
(132, 7, 2, 5, '2024-07-26 07:03:49', '2024-07-26 07:03:49'),
(133, 7, 2, 6, '2024-07-26 07:03:59', '2024-07-26 07:03:59'),
(134, 7, 2, 7, '2024-07-26 07:04:11', '2024-07-26 07:04:11'),
(135, 7, 2, 8, '2024-07-26 07:04:28', '2024-07-26 07:04:28'),
(136, 7, 2, 9, '2024-07-26 07:04:42', '2024-07-26 07:04:42'),
(137, 7, 2, 10, '2024-07-26 07:04:55', '2024-07-26 07:04:55'),
(138, 7, 2, 11, '2024-07-26 07:05:05', '2024-07-26 07:05:05'),
(139, 7, 2, 13, '2024-07-26 07:05:19', '2024-07-26 07:05:19'),
(140, 7, 4, 2, '2024-07-26 07:05:29', '2024-07-26 07:05:57'),
(141, 7, 4, 3, '2024-07-26 07:07:34', '2024-07-26 07:07:34'),
(142, 7, 4, 4, '2024-07-26 07:07:48', '2024-07-26 07:07:48'),
(143, 7, 4, 5, '2024-07-26 07:07:59', '2024-07-26 07:07:59'),
(144, 7, 4, 6, '2024-07-26 07:08:09', '2024-07-26 07:08:09'),
(145, 7, 4, 7, '2024-07-26 07:08:21', '2024-07-26 07:08:21'),
(146, 7, 4, 8, '2024-07-26 07:08:49', '2024-07-26 07:08:49'),
(147, 7, 4, 9, '2024-07-26 07:09:00', '2024-07-26 07:09:00'),
(148, 7, 4, 10, '2024-07-26 07:09:12', '2024-07-26 07:09:12'),
(149, 7, 4, 11, '2024-07-26 07:09:22', '2024-07-26 07:09:22'),
(150, 7, 4, 13, '2024-07-26 07:09:32', '2024-07-26 07:09:32'),
(151, 7, 5, 2, '2024-07-26 07:10:33', '2024-07-26 07:10:33'),
(152, 7, 5, 3, '2024-07-26 07:10:54', '2024-07-26 07:10:54'),
(153, 7, 5, 4, '2024-07-26 07:11:10', '2024-07-26 07:11:10'),
(154, 7, 5, 5, '2024-07-26 07:11:25', '2024-07-26 07:11:25'),
(155, 7, 5, 6, '2024-07-26 07:11:36', '2024-07-26 07:11:36'),
(156, 7, 5, 7, '2024-07-26 07:11:47', '2024-07-26 07:11:47'),
(157, 7, 5, 8, '2024-07-26 07:12:53', '2024-07-26 07:12:53'),
(158, 7, 5, 9, '2024-07-26 07:13:04', '2024-07-26 07:13:04'),
(159, 7, 5, 10, '2024-07-26 07:13:21', '2024-07-26 07:13:21'),
(160, 7, 5, 11, '2024-07-26 07:13:37', '2024-07-26 07:13:37'),
(161, 7, 5, 13, '2024-07-26 07:13:49', '2024-07-26 07:13:49'),
(162, 8, 1, 2, '2024-07-26 07:37:03', '2024-07-26 07:37:03'),
(163, 8, 1, 3, '2024-07-26 07:37:13', '2024-07-26 07:37:13'),
(164, 8, 1, 4, '2024-07-26 07:37:27', '2024-07-26 07:37:27'),
(165, 8, 1, 5, '2024-07-26 07:37:40', '2024-07-26 07:37:40'),
(166, 8, 1, 6, '2024-07-26 07:37:53', '2024-07-26 07:37:53'),
(167, 8, 1, 7, '2024-07-26 07:38:06', '2024-07-26 07:38:06'),
(168, 8, 1, 8, '2024-07-26 07:38:24', '2024-07-26 07:38:24'),
(169, 8, 1, 9, '2024-07-26 07:38:35', '2024-07-26 07:38:35'),
(170, 8, 1, 10, '2024-07-26 07:39:02', '2024-07-26 07:39:02'),
(171, 8, 1, 11, '2024-07-26 07:39:14', '2024-07-26 07:39:14'),
(172, 8, 1, 13, '2024-07-26 07:39:27', '2024-07-26 07:39:27'),
(173, 8, 1, 14, '2024-07-26 07:39:40', '2024-07-26 07:40:24'),
(174, 8, 2, 2, '2024-07-26 07:39:50', '2024-07-26 07:40:09'),
(175, 8, 2, 3, '2024-07-26 08:24:31', '2024-07-26 08:24:31'),
(176, 8, 2, 4, '2024-07-26 08:24:45', '2024-07-26 08:24:45'),
(177, 8, 2, 5, '2024-07-26 08:24:56', '2024-07-26 08:24:56'),
(178, 8, 2, 6, '2024-07-26 08:25:13', '2024-07-26 08:25:13'),
(179, 8, 2, 7, '2024-07-26 08:25:25', '2024-07-26 08:25:25'),
(180, 8, 2, 8, '2024-07-26 08:25:43', '2024-07-26 08:25:43'),
(181, 8, 2, 9, '2024-07-26 08:25:56', '2024-07-26 08:25:56'),
(182, 8, 2, 10, '2024-07-26 08:26:06', '2024-07-26 08:26:06'),
(183, 8, 2, 11, '2024-07-26 08:26:19', '2024-07-26 08:26:19'),
(184, 8, 2, 13, '2024-07-26 08:26:27', '2024-07-26 08:26:27'),
(185, 8, 2, 14, '2024-07-26 08:26:38', '2024-07-26 08:26:38'),
(186, 8, 4, 2, '2024-07-26 08:27:36', '2024-07-26 08:27:36'),
(187, 8, 4, 3, '2024-07-26 08:27:50', '2024-07-26 08:27:50'),
(188, 8, 4, 4, '2024-07-26 08:28:01', '2024-07-26 08:28:01'),
(189, 8, 4, 5, '2024-07-26 08:28:12', '2024-07-26 08:28:12'),
(190, 8, 4, 6, '2024-07-26 08:28:23', '2024-07-26 08:28:23'),
(191, 8, 4, 7, '2024-07-26 08:28:33', '2024-07-26 08:28:33'),
(192, 8, 4, 8, '2024-07-26 08:29:02', '2024-07-26 08:29:02'),
(193, 8, 4, 9, '2024-07-26 08:29:15', '2024-07-26 08:29:15'),
(194, 8, 4, 10, '2024-07-26 08:29:25', '2024-07-26 08:29:25'),
(195, 8, 4, 11, '2024-07-26 08:29:42', '2024-07-26 08:29:42'),
(196, 8, 4, 13, '2024-07-26 08:29:52', '2024-07-26 08:29:52'),
(197, 8, 4, 14, '2024-07-26 08:30:01', '2024-07-26 08:30:01'),
(198, 8, 5, 2, '2024-07-26 11:02:36', '2024-07-26 11:02:36'),
(199, 8, 5, 3, '2024-07-26 11:03:46', '2024-07-26 11:03:46'),
(200, 8, 5, 4, '2024-07-26 11:11:24', '2024-07-26 11:11:24'),
(201, 8, 5, 5, '2024-07-26 11:11:37', '2024-07-26 11:11:37'),
(202, 8, 5, 6, '2024-07-26 11:11:50', '2024-07-26 11:13:02'),
(203, 8, 5, 7, '2024-07-26 11:12:02', '2024-07-26 11:12:47'),
(204, 8, 5, 8, '2024-07-26 11:12:13', '2024-07-26 11:13:32'),
(205, 8, 5, 9, '2024-07-26 11:13:49', '2024-07-26 11:13:49'),
(206, 8, 5, 10, '2024-07-26 11:14:08', '2024-07-26 11:14:08'),
(207, 8, 5, 11, '2024-07-26 11:14:18', '2024-07-26 11:14:18'),
(208, 8, 5, 13, '2024-07-26 11:14:30', '2024-07-26 11:14:40'),
(209, 8, 5, 14, '2024-07-26 11:14:50', '2024-07-26 11:14:50'),
(210, 8, 7, 2, '2024-07-26 11:17:13', '2024-07-26 11:17:22'),
(211, 8, 7, 3, '2024-07-26 11:17:37', '2024-07-26 11:17:37'),
(212, 8, 7, 4, '2024-07-26 11:17:52', '2024-07-26 11:17:52'),
(213, 8, 7, 5, '2024-07-26 11:18:07', '2024-07-26 11:18:07'),
(214, 8, 7, 6, '2024-07-26 11:18:18', '2024-07-26 11:18:18'),
(215, 8, 7, 7, '2024-07-26 11:19:03', '2024-07-26 11:19:03'),
(216, 8, 7, 8, '2024-07-26 11:19:27', '2024-07-26 11:19:27'),
(217, 8, 7, 9, '2024-07-26 11:19:47', '2024-07-26 11:19:47'),
(218, 8, 7, 10, '2024-07-26 11:20:08', '2024-07-26 11:20:08'),
(219, 8, 7, 11, '2024-07-26 11:20:22', '2024-07-26 11:20:22'),
(220, 8, 7, 13, '2024-07-26 11:20:49', '2024-07-26 11:20:49'),
(221, 8, 7, 14, '2024-07-26 11:21:01', '2024-07-26 11:21:01'),
(222, 9, 2, 2, '2024-07-26 23:18:04', '2024-07-26 23:18:04'),
(223, 9, 2, 3, '2024-07-26 23:18:19', '2024-07-26 23:18:19'),
(224, 9, 2, 4, '2024-07-26 23:18:31', '2024-07-26 23:18:31'),
(225, 9, 2, 5, '2024-07-26 23:18:43', '2024-07-26 23:18:43'),
(226, 9, 2, 6, '2024-07-26 23:18:51', '2024-07-26 23:18:51'),
(227, 9, 2, 7, '2024-07-26 23:19:01', '2024-07-26 23:19:01'),
(228, 9, 4, 2, '2024-07-26 23:20:37', '2024-07-26 23:20:37'),
(229, 9, 4, 3, '2024-07-26 23:20:47', '2024-07-26 23:20:47'),
(230, 9, 4, 4, '2024-07-26 23:20:57', '2024-07-26 23:20:57'),
(231, 9, 4, 5, '2024-07-26 23:21:12', '2024-07-26 23:21:12'),
(232, 9, 4, 6, '2024-07-26 23:21:33', '2024-07-26 23:21:33'),
(233, 10, 4, 7, '2024-07-26 23:21:45', '2024-07-26 23:31:25'),
(234, 9, 7, 2, '2024-07-26 23:22:08', '2024-07-26 23:22:08'),
(235, 9, 7, 3, '2024-07-26 23:22:17', '2024-07-26 23:22:17'),
(236, 9, 7, 4, '2024-07-26 23:22:28', '2024-07-26 23:22:28'),
(237, 9, 7, 5, '2024-07-26 23:22:40', '2024-07-26 23:22:40'),
(238, 9, 7, 6, '2024-07-26 23:22:53', '2024-07-26 23:22:53'),
(239, 9, 7, 7, '2024-07-26 23:23:03', '2024-07-26 23:23:03'),
(240, 10, 2, 2, '2024-07-26 23:25:55', '2024-07-26 23:25:55'),
(241, 10, 2, 3, '2024-07-26 23:26:06', '2024-07-26 23:26:06'),
(242, 10, 2, 4, '2024-07-26 23:26:22', '2024-07-26 23:26:22'),
(243, 10, 2, 5, '2024-07-26 23:26:39', '2024-07-26 23:26:39'),
(244, 10, 2, 6, '2024-07-26 23:26:57', '2024-07-26 23:26:57'),
(245, 10, 2, 7, '2024-07-26 23:27:06', '2024-07-26 23:27:06'),
(246, 10, 4, 2, '2024-07-26 23:30:01', '2024-07-26 23:30:01'),
(247, 10, 4, 3, '2024-07-26 23:30:13', '2024-07-26 23:30:13'),
(248, 10, 4, 4, '2024-07-26 23:30:28', '2024-07-26 23:30:28'),
(249, 10, 4, 5, '2024-07-26 23:30:38', '2024-07-26 23:30:38'),
(250, 10, 4, 6, '2024-07-26 23:30:51', '2024-07-26 23:30:51'),
(251, 9, 4, 7, '2024-07-26 23:31:01', '2024-07-26 23:31:01'),
(252, 11, 1, 2, '2024-07-27 00:13:21', '2024-07-27 00:13:21'),
(253, 11, 1, 3, '2024-07-27 00:13:34', '2024-07-27 00:13:34'),
(254, 11, 1, 4, '2024-07-27 00:13:47', '2024-07-27 00:13:47'),
(255, 11, 1, 5, '2024-07-27 00:13:57', '2024-07-27 00:13:57'),
(256, 11, 1, 6, '2024-07-27 00:14:13', '2024-07-27 00:14:24'),
(257, 11, 1, 7, '2024-07-27 00:14:35', '2024-07-27 00:14:35'),
(258, 11, 1, 8, '2024-07-27 00:14:45', '2024-07-27 00:14:45'),
(259, 11, 1, 9, '2024-07-27 00:14:59', '2024-07-27 00:14:59'),
(260, 11, 1, 10, '2024-07-27 00:15:11', '2024-07-27 00:15:11'),
(261, 11, 1, 11, '2024-07-27 00:15:24', '2024-07-27 00:15:24'),
(262, 11, 1, 13, '2024-07-27 00:15:36', '2024-07-27 00:15:51'),
(263, 11, 1, 14, '2024-07-27 00:16:01', '2024-07-27 00:16:01'),
(264, 11, 2, 2, '2024-07-27 00:16:48', '2024-07-27 00:16:48'),
(265, 11, 2, 3, '2024-07-27 00:17:00', '2024-07-27 00:17:00'),
(266, 11, 2, 4, '2024-07-27 00:17:10', '2024-07-27 00:17:10'),
(267, 11, 2, 5, '2024-07-27 00:17:23', '2024-07-27 00:17:23'),
(268, 11, 2, 6, '2024-07-27 00:17:36', '2024-07-27 00:17:36'),
(270, 11, 2, 7, '2024-07-27 00:17:54', '2024-07-27 00:17:54'),
(271, 11, 2, 8, '2024-07-27 00:18:08', '2024-07-27 00:18:08'),
(272, 11, 2, 9, '2024-07-27 00:18:23', '2024-07-27 00:18:23'),
(273, 11, 2, 10, '2024-07-27 00:18:43', '2024-07-27 00:18:43'),
(274, 11, 2, 11, '2024-07-27 00:18:57', '2024-07-27 00:18:57'),
(275, 11, 2, 13, '2024-07-27 00:19:06', '2024-07-27 00:19:06'),
(276, 11, 2, 14, '2024-07-27 00:19:16', '2024-07-27 00:19:16'),
(277, 11, 4, 2, '2024-07-27 00:21:03', '2024-07-27 00:21:03'),
(278, 11, 4, 3, '2024-07-27 00:21:18', '2024-07-27 00:21:18'),
(279, 11, 4, 4, '2024-07-27 00:21:31', '2024-07-27 00:21:31'),
(280, 11, 4, 5, '2024-07-27 00:21:44', '2024-07-27 00:21:44'),
(281, 11, 4, 6, '2024-07-27 00:21:59', '2024-07-27 00:21:59'),
(282, 11, 4, 7, '2024-07-27 00:22:10', '2024-07-27 00:22:10'),
(283, 11, 4, 8, '2024-07-27 00:22:23', '2024-07-27 00:22:23'),
(284, 11, 4, 9, '2024-07-27 00:22:49', '2024-07-27 00:22:49'),
(285, 11, 4, 10, '2024-07-27 00:23:09', '2024-07-27 00:23:09'),
(286, 11, 4, 11, '2024-07-27 00:23:26', '2024-07-27 00:23:26'),
(287, 11, 4, 13, '2024-07-27 00:23:38', '2024-07-27 00:23:38'),
(288, 11, 4, 14, '2024-07-27 00:23:50', '2024-07-27 00:23:50'),
(289, 11, 5, 2, '2024-07-27 00:24:46', '2024-07-27 00:24:46'),
(290, 11, 5, 3, '2024-07-27 00:24:58', '2024-07-27 00:24:58'),
(291, 11, 5, 4, '2024-07-27 00:25:13', '2024-07-27 00:25:13'),
(292, 11, 5, 5, '2024-07-27 00:25:33', '2024-07-27 00:25:33'),
(293, 11, 5, 6, '2024-07-27 00:26:08', '2024-07-27 00:26:08'),
(294, 11, 5, 7, '2024-07-27 00:26:21', '2024-07-27 00:26:21'),
(295, 11, 5, 8, '2024-07-27 00:26:32', '2024-07-27 00:26:32'),
(296, 11, 5, 9, '2024-07-27 00:26:47', '2024-07-27 00:26:47'),
(297, 11, 5, 10, '2024-07-27 00:27:00', '2024-07-27 00:27:00'),
(298, 11, 5, 11, '2024-07-27 00:27:12', '2024-07-27 00:27:12'),
(299, 11, 5, 13, '2024-07-27 00:27:25', '2024-07-27 00:27:25'),
(300, 12, 1, 5, '2024-07-27 00:27:35', '2024-07-27 00:28:40'),
(301, 11, 5, 14, '2024-07-27 00:27:35', '2024-07-27 00:27:35'),
(302, 12, 1, 6, '2024-07-27 00:46:09', '2024-07-27 00:46:09'),
(303, 12, 1, 7, '2024-07-27 00:46:22', '2024-07-27 00:46:22'),
(304, 12, 2, 5, '2024-07-27 00:46:42', '2024-07-27 00:46:42'),
(305, 12, 2, 6, '2024-07-27 00:46:52', '2024-07-27 00:46:52'),
(306, 12, 2, 7, '2024-07-27 00:47:10', '2024-07-27 00:47:10'),
(307, 12, 4, 5, '2024-07-27 00:47:26', '2024-07-27 00:47:26'),
(308, 12, 4, 6, '2024-07-27 00:47:37', '2024-07-27 00:47:37'),
(309, 12, 4, 7, '2024-07-27 00:47:50', '2024-07-27 00:47:50'),
(310, 12, 5, 5, '2024-07-27 00:48:35', '2024-07-27 00:48:35'),
(311, 12, 5, 6, '2024-07-27 00:48:45', '2024-07-27 00:48:45'),
(312, 12, 5, 7, '2024-07-27 00:48:58', '2024-07-27 00:48:58'),
(313, 12, 5, 8, '2024-07-27 00:49:08', '2024-07-27 00:49:08'),
(314, 12, 5, 9, '2024-07-27 00:49:21', '2024-07-27 00:49:21'),
(315, 12, 5, 10, '2024-07-27 00:49:31', '2024-07-27 00:49:31'),
(316, 12, 7, 8, '2024-07-27 00:49:59', '2024-07-27 00:49:59'),
(317, 12, 7, 9, '2024-07-27 00:50:11', '2024-07-27 00:50:11'),
(318, 12, 7, 10, '2024-07-27 00:50:21', '2024-07-27 00:50:21'),
(319, 13, 4, 11, '2024-07-27 00:56:03', '2024-07-27 00:56:03'),
(320, 13, 4, 13, '2024-07-27 00:56:27', '2024-07-27 00:56:27'),
(321, 13, 4, 14, '2024-07-27 00:56:36', '2024-07-27 00:56:36'),
(322, 13, 5, 11, '2024-07-27 00:57:20', '2024-07-27 00:57:20'),
(323, 13, 5, 13, '2024-07-27 00:57:42', '2024-07-27 00:57:42'),
(324, 13, 5, 14, '2024-07-27 00:57:57', '2024-07-27 00:57:57'),
(325, 14, 1, 2, '2024-07-27 02:23:52', '2024-07-27 02:23:52'),
(326, 14, 1, 3, '2024-07-27 02:24:05', '2024-07-27 02:24:05'),
(327, 14, 1, 4, '2024-07-27 02:24:17', '2024-07-27 02:24:17'),
(328, 14, 1, 5, '2024-07-27 02:24:33', '2024-07-27 02:24:33'),
(329, 14, 1, 6, '2024-07-27 02:24:49', '2024-07-27 02:24:49'),
(330, 14, 1, 7, '2024-07-27 02:25:07', '2024-07-27 02:25:07'),
(331, 14, 1, 8, '2024-07-27 02:25:27', '2024-07-27 02:25:27'),
(332, 14, 1, 9, '2024-07-27 02:25:40', '2024-07-27 02:25:40'),
(333, 14, 1, 10, '2024-07-27 02:25:54', '2024-07-27 02:25:54'),
(334, 14, 1, 11, '2024-07-27 02:26:05', '2024-07-27 02:26:05'),
(335, 14, 1, 13, '2024-07-27 02:26:16', '2024-07-27 02:26:16'),
(336, 14, 1, 14, '2024-07-27 02:26:34', '2024-07-27 02:28:12'),
(337, 14, 2, 2, '2024-07-27 02:26:46', '2024-07-27 02:27:56'),
(338, 14, 2, 3, '2024-07-27 02:29:02', '2024-07-27 02:29:02'),
(339, 14, 2, 4, '2024-07-27 02:29:13', '2024-07-27 02:29:13'),
(340, 14, 2, 6, '2024-07-27 02:29:24', '2024-07-27 02:29:24'),
(341, 14, 2, 6, '2024-07-27 02:29:41', '2024-07-27 02:29:41'),
(342, 14, 2, 7, '2024-07-27 02:29:57', '2024-07-27 02:29:57'),
(343, 14, 2, 8, '2024-07-27 02:30:10', '2024-07-27 02:30:10'),
(344, 14, 2, 9, '2024-07-27 02:30:23', '2024-07-27 02:30:23'),
(345, 14, 2, 10, '2024-07-27 02:30:36', '2024-07-27 02:30:36'),
(346, 14, 2, 11, '2024-07-27 02:30:48', '2024-07-27 02:30:48'),
(347, 14, 2, 13, '2024-07-27 02:30:59', '2024-07-27 02:30:59'),
(348, 14, 2, 14, '2024-07-27 02:31:09', '2024-07-27 02:31:09'),
(349, 14, 4, 2, '2024-07-27 02:37:22', '2024-07-27 02:37:22'),
(350, 14, 4, 3, '2024-07-27 02:37:33', '2024-07-27 02:37:33'),
(351, 14, 4, 4, '2024-07-27 02:37:46', '2024-07-27 02:37:46'),
(352, 14, 4, 5, '2024-07-27 02:37:59', '2024-07-27 02:37:59'),
(353, 14, 4, 6, '2024-07-27 02:38:13', '2024-07-27 02:38:13'),
(354, 14, 4, 7, '2024-07-27 02:38:24', '2024-07-27 02:38:24'),
(355, 14, 4, 8, '2024-07-27 02:38:37', '2024-07-27 02:38:37'),
(356, 14, 4, 9, '2024-07-27 02:38:49', '2024-07-27 02:38:49'),
(357, 14, 4, 10, '2024-07-27 02:39:04', '2024-07-27 02:39:04'),
(358, 14, 4, 11, '2024-07-27 02:39:19', '2024-07-27 02:39:19'),
(359, 14, 4, 13, '2024-07-27 02:39:33', '2024-07-27 02:39:33'),
(360, 14, 4, 14, '2024-07-27 02:39:45', '2024-07-27 02:39:45'),
(361, 15, 1, 2, '2024-07-27 02:51:11', '2024-07-27 02:51:11'),
(362, 15, 1, 3, '2024-07-27 02:51:28', '2024-07-27 02:51:28'),
(363, 15, 1, 4, '2024-07-27 02:51:40', '2024-07-27 02:51:40'),
(364, 15, 1, 5, '2024-07-27 02:51:54', '2024-07-27 02:51:54'),
(365, 15, 1, 6, '2024-07-27 02:52:08', '2024-07-27 02:52:08'),
(366, 15, 1, 7, '2024-07-27 02:52:20', '2024-07-27 02:52:20'),
(367, 15, 1, 8, '2024-07-27 02:52:32', '2024-07-27 02:52:32'),
(368, 15, 1, 9, '2024-07-27 02:52:45', '2024-07-27 02:52:45'),
(369, 15, 1, 10, '2024-07-27 02:52:57', '2024-07-27 02:52:57'),
(370, 15, 1, 11, '2024-07-27 02:53:08', '2024-07-27 02:53:08'),
(371, 15, 1, 13, '2024-07-27 02:53:17', '2024-07-27 02:53:17'),
(372, 15, 1, 14, '2024-07-27 02:53:28', '2024-07-27 02:53:28'),
(373, 15, 2, 2, '2024-07-27 02:55:33', '2024-07-27 02:55:33'),
(374, 15, 2, 3, '2024-07-27 02:55:44', '2024-07-27 02:55:44'),
(375, 15, 2, 4, '2024-07-27 02:55:55', '2024-07-27 02:55:55'),
(376, 15, 2, 5, '2024-07-27 02:56:07', '2024-07-27 02:56:07'),
(377, 15, 2, 6, '2024-07-27 02:56:28', '2024-07-27 02:56:28'),
(378, 15, 2, 7, '2024-07-27 02:56:39', '2024-07-27 02:56:39'),
(379, 15, 2, 8, '2024-07-27 02:57:01', '2024-07-27 02:57:01'),
(380, 15, 2, 9, '2024-07-27 02:57:14', '2024-07-27 02:57:14'),
(381, 15, 2, 10, '2024-07-27 02:57:29', '2024-07-27 02:57:29'),
(382, 15, 2, 11, '2024-07-27 02:57:40', '2024-07-27 02:57:40'),
(383, 15, 2, 13, '2024-07-27 02:57:51', '2024-07-27 02:57:51'),
(384, 15, 2, 14, '2024-07-27 02:58:01', '2024-07-27 02:58:01'),
(385, 15, 4, 2, '2024-07-27 02:59:48', '2024-07-27 02:59:48'),
(386, 15, 4, 3, '2024-07-27 03:00:01', '2024-07-27 03:00:01'),
(387, 15, 4, 4, '2024-07-27 03:00:12', '2024-07-27 03:00:12'),
(388, 15, 4, 5, '2024-07-27 03:00:25', '2024-07-27 03:00:25'),
(389, 15, 4, 6, '2024-07-27 03:00:40', '2024-07-27 03:00:40'),
(390, 15, 4, 7, '2024-07-27 03:00:50', '2024-07-27 03:00:50'),
(391, 15, 4, 8, '2024-07-27 03:01:06', '2024-07-27 03:01:06'),
(392, 15, 4, 9, '2024-07-27 03:01:20', '2024-07-27 03:01:20'),
(393, 15, 4, 10, '2024-07-27 03:01:37', '2024-07-27 03:01:37'),
(394, 15, 4, 11, '2024-07-27 03:01:50', '2024-07-27 03:01:50'),
(395, 15, 4, 13, '2024-07-27 03:02:00', '2024-07-27 03:02:00'),
(396, 15, 4, 14, '2024-07-27 03:02:09', '2024-07-27 03:02:09'),
(397, 15, 5, 2, '2024-07-27 03:04:16', '2024-07-27 03:04:16'),
(398, 15, 5, 3, '2024-07-27 03:04:29', '2024-07-27 03:04:29'),
(399, 15, 5, 4, '2024-07-27 03:04:41', '2024-07-27 03:04:41'),
(400, 15, 5, 5, '2024-07-27 03:04:55', '2024-07-27 03:04:55'),
(401, 15, 5, 6, '2024-07-27 03:05:08', '2024-07-27 03:05:08'),
(402, 15, 5, 7, '2024-07-27 03:05:21', '2024-07-27 03:05:21'),
(403, 15, 5, 8, '2024-07-27 03:05:32', '2024-07-27 03:05:32'),
(404, 15, 5, 9, '2024-07-27 03:05:44', '2024-07-27 03:05:44'),
(405, 15, 5, 10, '2024-07-27 03:05:55', '2024-07-27 03:05:55'),
(406, 15, 5, 11, '2024-07-27 03:06:09', '2024-07-27 03:06:09'),
(407, 15, 5, 13, '2024-07-27 03:06:19', '2024-07-27 03:06:19'),
(408, 15, 5, 14, '2024-07-27 03:06:34', '2024-07-27 03:06:34'),
(409, 15, 7, 2, '2024-07-27 03:08:43', '2024-07-27 03:08:43'),
(410, 15, 7, 3, '2024-07-27 03:08:55', '2024-07-27 03:08:55'),
(411, 15, 7, 4, '2024-07-27 03:09:06', '2024-07-27 03:09:06'),
(412, 15, 7, 5, '2024-07-27 03:09:18', '2024-07-27 03:09:18'),
(413, 15, 7, 6, '2024-07-27 03:09:33', '2024-07-27 03:09:33'),
(414, 15, 7, 7, '2024-07-27 03:09:44', '2024-07-27 03:09:44'),
(415, 15, 7, 8, '2024-07-27 03:10:02', '2024-07-27 03:10:02'),
(416, 15, 7, 9, '2024-07-27 03:10:15', '2024-07-27 03:10:15'),
(417, 15, 7, 10, '2024-07-27 03:10:28', '2024-07-27 03:10:28'),
(418, 15, 7, 11, '2024-07-27 03:10:42', '2024-07-27 03:10:42'),
(419, 15, 7, 13, '2024-07-27 03:10:52', '2024-07-27 03:10:52'),
(420, 15, 7, 14, '2024-07-27 03:11:02', '2024-07-27 03:11:02'),
(421, 16, 1, 2, '2024-07-27 03:21:43', '2024-07-27 03:21:43'),
(422, 16, 1, 3, '2024-07-27 03:21:58', '2024-07-27 03:21:58'),
(423, 16, 1, 4, '2024-07-27 03:22:10', '2024-07-27 03:22:10'),
(424, 16, 1, 5, '2024-07-27 03:22:23', '2024-07-27 03:22:23'),
(425, 16, 1, 6, '2024-07-27 03:22:39', '2024-07-27 03:22:39'),
(426, 16, 1, 7, '2024-07-27 03:22:53', '2024-07-27 03:22:53'),
(427, 16, 4, 11, '2024-07-27 03:23:38', '2024-07-27 03:25:01'),
(428, 16, 2, 13, '2024-07-27 03:23:50', '2024-07-27 03:23:50'),
(429, 16, 2, 14, '2024-07-27 03:23:59', '2024-07-27 03:23:59'),
(430, 16, 2, 11, '2024-07-27 03:24:22', '2024-07-27 03:24:22'),
(431, 16, 4, 13, '2024-07-27 03:24:36', '2024-07-27 03:24:36'),
(432, 16, 4, 14, '2024-07-27 03:24:46', '2024-07-27 03:24:46'),
(433, 16, 5, 2, '2024-07-27 03:25:38', '2024-07-27 03:25:38'),
(434, 16, 5, 3, '2024-07-27 03:25:53', '2024-07-27 03:25:53'),
(435, 16, 5, 4, '2024-07-27 03:26:07', '2024-07-27 03:26:07'),
(436, 16, 5, 5, '2024-07-27 03:26:19', '2024-07-27 03:26:19'),
(437, 16, 5, 6, '2024-07-27 03:26:34', '2024-07-27 03:26:34'),
(438, 16, 5, 7, '2024-07-27 03:26:48', '2024-07-27 03:26:48'),
(439, 16, 5, 8, '2024-07-27 03:27:02', '2024-07-27 03:27:02'),
(440, 16, 5, 9, '2024-07-27 03:27:14', '2024-07-27 03:27:14'),
(441, 16, 5, 10, '2024-07-27 03:27:33', '2024-07-27 03:27:33'),
(442, 16, 5, 11, '2024-07-27 03:27:47', '2024-07-27 03:27:47'),
(443, 16, 5, 13, '2024-07-27 03:27:57', '2024-07-27 03:27:57'),
(444, 16, 5, 14, '2024-07-27 03:28:09', '2024-07-27 03:28:09'),
(445, 16, 7, 8, '2024-07-27 03:29:06', '2024-07-27 03:29:06'),
(446, 16, 7, 9, '2024-07-27 03:29:17', '2024-07-27 03:29:17'),
(447, 16, 7, 10, '2024-07-27 03:29:29', '2024-07-27 03:29:29'),
(448, 16, 7, 11, '2024-07-27 03:29:47', '2024-07-27 03:29:47'),
(449, 16, 7, 13, '2024-07-27 03:30:04', '2024-07-27 03:30:04'),
(450, 16, 7, 14, '2024-07-27 03:30:19', '2024-07-27 03:30:19'),
(451, 17, 2, 5, '2024-07-27 06:37:05', '2024-07-27 06:37:05'),
(452, 17, 2, 6, '2024-07-27 06:37:20', '2024-07-27 06:37:20'),
(453, 17, 2, 7, '2024-07-27 06:37:33', '2024-07-27 06:37:33'),
(454, 17, 2, 8, '2024-07-27 06:37:48', '2024-07-27 06:37:48'),
(455, 17, 2, 9, '2024-07-27 06:38:00', '2024-07-27 06:38:00'),
(456, 17, 2, 10, '2024-07-27 06:38:17', '2024-07-27 06:38:17'),
(457, 17, 2, 11, '2024-07-27 06:38:33', '2024-07-27 06:38:33'),
(458, 17, 2, 13, '2024-07-27 06:38:46', '2024-07-27 06:38:46'),
(459, 17, 4, 5, '2024-07-27 06:42:07', '2024-07-27 06:42:07'),
(460, 17, 4, 6, '2024-07-27 06:42:19', '2024-07-27 06:42:19'),
(461, 17, 4, 7, '2024-07-27 06:42:32', '2024-07-27 06:42:32'),
(462, 17, 4, 8, '2024-07-27 06:42:44', '2024-07-27 06:42:44'),
(464, 17, 4, 9, '2024-07-27 06:42:58', '2024-07-27 06:42:58'),
(465, 17, 4, 9, '2024-07-27 06:43:17', '2024-07-27 06:43:17'),
(466, 17, 4, 11, '2024-07-27 06:43:30', '2024-07-27 06:43:30'),
(467, 17, 4, 13, '2024-07-27 06:43:44', '2024-07-27 06:43:44'),
(468, 17, 5, 5, '2024-07-27 06:45:11', '2024-07-27 06:45:11'),
(469, 17, 5, 6, '2024-07-27 06:45:25', '2024-07-27 06:45:25'),
(470, 17, 5, 7, '2024-07-27 06:45:37', '2024-07-27 06:45:37'),
(471, 17, 5, 8, '2024-07-27 06:45:59', '2024-07-27 06:45:59'),
(472, 17, 5, 9, '2024-07-27 06:46:13', '2024-07-27 06:46:13'),
(473, 17, 5, 10, '2024-07-27 06:46:39', '2024-07-27 06:46:39'),
(474, 17, 5, 11, '2024-07-27 06:46:50', '2024-07-27 06:46:50'),
(475, 17, 5, 13, '2024-07-27 06:46:59', '2024-07-27 06:46:59'),
(476, 18, 2, 2, '2024-07-27 07:04:16', '2024-07-27 07:04:16'),
(477, 18, 2, 3, '2024-07-27 07:04:28', '2024-07-27 07:04:28'),
(478, 18, 2, 4, '2024-07-27 07:04:40', '2024-07-27 07:04:40'),
(479, 18, 2, 5, '2024-07-27 07:04:54', '2024-07-27 07:04:54'),
(480, 18, 2, 6, '2024-07-27 07:05:11', '2024-07-27 07:05:11'),
(481, 18, 2, 7, '2024-07-27 07:05:23', '2024-07-27 07:05:23'),
(482, 18, 2, 8, '2024-07-27 07:05:35', '2024-07-27 07:05:35'),
(483, 18, 2, 9, '2024-07-27 07:05:53', '2024-07-27 07:05:53'),
(484, 18, 4, 2, '2024-07-27 07:16:20', '2024-07-27 07:16:20'),
(485, 18, 4, 3, '2024-07-27 07:16:35', '2024-07-27 07:16:35'),
(486, 18, 4, 4, '2024-07-27 07:16:50', '2024-07-27 07:16:50'),
(487, 18, 4, 5, '2024-07-27 07:17:17', '2024-07-27 07:17:17'),
(488, 18, 4, 6, '2024-07-27 07:17:38', '2024-07-27 07:17:38'),
(489, 18, 4, 7, '2024-07-27 07:17:51', '2024-07-27 07:17:51'),
(490, 18, 4, 8, '2024-07-27 07:18:05', '2024-07-27 07:18:05'),
(491, 18, 4, 9, '2024-07-27 07:18:23', '2024-07-27 07:18:23'),
(492, 18, 5, 2, '2024-07-27 07:19:59', '2024-07-27 07:19:59'),
(493, 18, 5, 3, '2024-07-27 07:20:14', '2024-07-27 07:20:14'),
(494, 18, 5, 4, '2024-07-27 07:20:28', '2024-07-27 07:20:28'),
(495, 18, 5, 5, '2024-07-27 07:20:45', '2024-07-27 07:20:45'),
(496, 18, 5, 6, '2024-07-27 07:20:57', '2024-07-27 07:20:57'),
(497, 18, 5, 7, '2024-07-27 07:21:10', '2024-07-27 07:21:10'),
(498, 18, 5, 8, '2024-07-27 07:21:28', '2024-07-27 07:21:28'),
(499, 18, 5, 9, '2024-07-27 07:21:42', '2024-07-27 07:21:42'),
(500, 18, 5, 10, '2024-07-27 07:21:55', '2024-07-27 07:21:55'),
(501, 18, 5, 11, '2024-07-27 07:22:07', '2024-07-27 07:22:07'),
(502, 18, 5, 13, '2024-07-27 07:22:19', '2024-07-27 07:22:19'),
(503, 18, 7, 2, '2024-07-27 07:22:19', '2024-07-27 07:23:08'),
(504, 18, 7, 3, '2024-07-27 07:24:06', '2024-07-27 07:24:06'),
(505, 18, 7, 4, '2024-07-27 07:24:20', '2024-07-27 07:24:20'),
(506, 18, 7, 5, '2024-07-27 07:24:34', '2024-07-27 07:24:34'),
(507, 18, 7, 6, '2024-07-27 07:24:53', '2024-07-27 07:24:53'),
(508, 18, 7, 7, '2024-07-27 07:25:05', '2024-07-27 07:25:05'),
(509, 18, 7, 8, '2024-07-27 07:25:17', '2024-07-27 07:25:17'),
(510, 18, 7, 9, '2024-07-27 07:25:32', '2024-07-27 07:25:32'),
(511, 18, 7, 10, '2024-07-27 07:25:45', '2024-07-27 07:25:45'),
(512, 18, 7, 11, '2024-07-27 07:25:57', '2024-07-27 07:25:57'),
(513, 18, 7, 13, '2024-07-27 07:26:09', '2024-07-27 07:26:09'),
(514, 19, 1, 11, '2024-07-27 07:37:06', '2024-07-27 07:38:48'),
(515, 19, 1, 13, '2024-07-27 07:39:09', '2024-07-27 07:39:09'),
(516, 19, 1, 14, '2024-07-27 07:39:22', '2024-07-27 07:39:22'),
(517, 19, 2, 11, '2024-07-27 07:39:42', '2024-07-27 07:39:42'),
(518, 19, 2, 13, '2024-07-27 07:39:56', '2024-07-27 07:39:56'),
(519, 19, 2, 14, '2024-07-27 07:40:09', '2024-07-27 07:40:09'),
(520, 19, 5, 11, '2024-07-27 07:40:33', '2024-07-27 07:40:33'),
(521, 19, 5, 13, '2024-07-27 07:40:44', '2024-07-27 07:40:44'),
(522, 19, 5, 14, '2024-07-27 07:40:59', '2024-07-27 07:40:59'),
(523, 19, 7, 11, '2024-07-27 07:41:22', '2024-07-27 07:41:22'),
(524, 19, 7, 13, '2024-07-27 07:41:36', '2024-07-27 07:41:36'),
(525, 19, 7, 14, '2024-07-27 07:41:49', '2024-07-27 07:41:49'),
(526, 20, 1, 2, '2024-07-27 08:20:04', '2024-07-27 08:20:04'),
(527, 20, 1, 3, '2024-07-27 08:20:16', '2024-07-27 08:20:16'),
(528, 20, 1, 4, '2024-07-27 08:20:31', '2024-07-27 08:20:31'),
(529, 20, 1, 5, '2024-07-27 08:20:46', '2024-07-27 08:20:46'),
(530, 20, 1, 6, '2024-07-27 08:21:09', '2024-07-27 08:21:09'),
(531, 20, 1, 7, '2024-07-27 08:21:24', '2024-07-27 08:21:24'),
(532, 20, 2, 2, '2024-07-27 08:21:49', '2024-07-27 08:21:49'),
(533, 20, 2, 3, '2024-07-27 08:22:02', '2024-07-27 08:22:02'),
(534, 20, 2, 4, '2024-07-27 08:22:17', '2024-07-27 08:22:17'),
(535, 20, 2, 5, '2024-07-27 08:22:40', '2024-07-27 08:22:40'),
(536, 20, 2, 6, '2024-07-27 08:23:03', '2024-07-27 08:23:03'),
(537, 20, 2, 7, '2024-07-27 08:23:15', '2024-07-27 08:23:15'),
(538, 20, 4, 2, '2024-07-27 08:23:51', '2024-07-27 08:23:51'),
(539, 20, 4, 3, '2024-07-27 08:24:12', '2024-07-27 08:24:12'),
(540, 20, 4, 4, '2024-07-27 08:24:25', '2024-07-27 08:24:25'),
(541, 20, 4, 5, '2024-07-27 08:24:38', '2024-07-27 08:24:38'),
(542, 20, 4, 6, '2024-07-27 08:24:51', '2024-07-27 08:24:51'),
(543, 20, 4, 7, '2024-07-27 08:25:03', '2024-07-27 08:25:03'),
(544, 21, 1, 9, '2024-07-27 08:41:20', '2024-07-27 08:41:20'),
(545, 21, 1, 10, '2024-07-27 08:41:36', '2024-07-27 08:41:36'),
(546, 21, 1, 11, '2024-07-27 08:41:53', '2024-07-27 08:41:53'),
(547, 21, 1, 13, '2024-07-27 08:42:05', '2024-07-27 08:42:05'),
(548, 21, 1, 14, '2024-07-27 08:42:16', '2024-07-27 08:42:16'),
(549, 21, 2, 9, '2024-07-27 08:43:25', '2024-07-27 08:43:25'),
(550, 21, 2, 10, '2024-07-27 08:43:40', '2024-07-27 08:43:40'),
(551, 21, 2, 11, '2024-07-27 08:43:53', '2024-07-27 08:43:53'),
(552, 21, 2, 13, '2024-07-27 08:44:05', '2024-07-27 08:44:05'),
(553, 21, 2, 14, '2024-07-27 08:44:18', '2024-07-27 08:44:18'),
(554, 21, 4, 9, '2024-07-27 08:45:22', '2024-07-27 08:45:22'),
(555, 21, 4, 10, '2024-07-27 08:45:34', '2024-07-27 08:45:34'),
(556, 21, 4, 11, '2024-07-27 08:45:46', '2024-07-27 08:45:46'),
(557, 21, 4, 13, '2024-07-27 08:45:58', '2024-07-27 08:45:58'),
(558, 21, 4, 14, '2024-07-27 08:46:10', '2024-07-27 08:46:10'),
(559, 21, 5, 9, '2024-07-27 08:46:34', '2024-07-27 08:46:34'),
(560, 21, 5, 10, '2024-07-27 08:46:47', '2024-07-27 08:46:47'),
(561, 21, 5, 11, '2024-07-27 08:47:17', '2024-07-27 08:47:17'),
(562, 21, 5, 13, '2024-07-27 08:47:31', '2024-07-27 08:47:31'),
(563, 21, 5, 14, '2024-07-27 08:47:44', '2024-07-27 08:47:44'),
(564, 21, 7, 9, '2024-07-27 08:48:08', '2024-07-27 08:48:08'),
(565, 21, 7, 10, '2024-07-27 08:48:23', '2024-07-27 08:48:23'),
(566, 21, 7, 11, '2024-07-27 08:48:37', '2024-07-27 08:48:37'),
(567, 21, 7, 13, '2024-07-27 08:48:52', '2024-07-27 08:48:52'),
(568, 21, 7, 14, '2024-07-27 08:49:04', '2024-07-27 08:49:04'),
(569, 22, 1, 5, '2024-07-27 08:56:28', '2024-07-27 08:56:28'),
(570, 22, 1, 6, '2024-07-27 08:56:44', '2024-07-27 08:56:44'),
(571, 22, 1, 7, '2024-07-27 08:57:05', '2024-07-27 08:57:05'),
(572, 22, 1, 8, '2024-07-27 08:57:21', '2024-07-27 08:57:21'),
(573, 22, 1, 9, '2024-07-27 08:57:34', '2024-07-27 08:57:34'),
(574, 22, 1, 10, '2024-07-27 08:57:48', '2024-07-27 08:57:48'),
(575, 22, 1, 11, '2024-07-27 08:58:03', '2024-07-27 08:58:03'),
(576, 22, 1, 13, '2024-07-27 08:58:17', '2024-07-27 08:58:17'),
(577, 22, 1, 14, '2024-07-27 08:58:28', '2024-07-27 08:58:28'),
(578, 22, 2, 2, '2024-07-27 09:00:09', '2024-07-27 09:00:09'),
(579, 22, 2, 3, '2024-07-27 09:00:24', '2024-07-27 09:00:24'),
(580, 22, 2, 4, '2024-07-27 09:00:37', '2024-07-27 09:00:37'),
(581, 22, 2, 5, '2024-07-27 09:00:51', '2024-07-27 09:00:51'),
(582, 22, 2, 6, '2024-07-27 09:01:11', '2024-07-27 09:01:11'),
(583, 22, 2, 7, '2024-07-27 09:01:22', '2024-07-27 09:01:22'),
(584, 22, 2, 8, '2024-07-27 09:01:49', '2024-07-27 09:01:49'),
(585, 22, 2, 9, '2024-07-27 09:02:03', '2024-07-27 09:02:03'),
(586, 22, 2, 10, '2024-07-27 09:02:19', '2024-07-27 09:02:19'),
(587, 22, 2, 11, '2024-07-27 09:02:32', '2024-07-27 09:02:32'),
(588, 22, 2, 13, '2024-07-27 09:02:47', '2024-07-27 09:02:47'),
(589, 22, 2, 14, '2024-07-27 09:02:57', '2024-07-27 09:02:57'),
(590, 22, 4, 2, '2024-07-27 09:03:42', '2024-07-27 09:03:42'),
(591, 22, 4, 3, '2024-07-27 09:03:56', '2024-07-27 09:03:56'),
(592, 22, 4, 4, '2024-07-27 09:04:11', '2024-07-27 09:04:11'),
(593, 22, 4, 5, '2024-07-27 09:04:27', '2024-07-27 09:04:27'),
(594, 22, 4, 6, '2024-07-27 09:04:41', '2024-07-27 09:04:41'),
(595, 22, 4, 7, '2024-07-27 09:04:54', '2024-07-27 09:04:54'),
(596, 22, 4, 8, '2024-07-27 09:05:06', '2024-07-27 09:05:18'),
(597, 22, 4, 9, '2024-07-27 09:05:30', '2024-07-27 09:05:30'),
(598, 22, 4, 10, '2024-07-27 09:05:54', '2024-07-27 09:07:55'),
(599, 22, 5, 8, '2024-07-27 09:06:13', '2024-07-27 09:09:05'),
(600, 22, 4, 11, '2024-07-27 09:06:30', '2024-07-27 09:06:30'),
(601, 22, 4, 13, '2024-07-27 09:06:50', '2024-07-27 09:06:50'),
(602, 22, 4, 14, '2024-07-27 09:07:05', '2024-07-27 09:07:05'),
(603, 22, 5, 9, '2024-07-27 09:09:22', '2024-07-27 09:09:22'),
(604, 22, 5, 10, '2024-07-27 09:09:35', '2024-07-27 09:09:35'),
(605, 23, 2, 2, '2024-07-27 09:09:50', '2024-07-27 09:13:26'),
(606, 22, 5, 11, '2024-07-27 09:10:03', '2024-07-27 09:10:03'),
(607, 22, 5, 13, '2024-07-27 09:10:14', '2024-07-27 09:10:14'),
(608, 22, 5, 14, '2024-07-27 09:10:25', '2024-07-27 09:11:53'),
(609, 23, 2, 3, '2024-07-27 09:10:36', '2024-07-27 21:21:01'),
(610, 23, 2, 4, '2024-07-27 21:19:45', '2024-07-27 21:19:45'),
(611, 23, 2, 5, '2024-07-27 21:20:05', '2024-07-27 21:20:05'),
(612, 23, 2, 6, '2024-07-27 21:20:23', '2024-07-27 21:20:23'),
(613, 23, 2, 7, '2024-07-27 21:20:35', '2024-07-27 21:20:35'),
(614, 23, 2, 8, '2024-07-27 21:22:02', '2024-07-27 21:22:02'),
(615, 23, 2, 9, '2024-07-27 21:22:16', '2024-07-27 21:22:16'),
(616, 23, 2, 10, '2024-07-27 21:22:30', '2024-07-27 21:22:30'),
(617, 23, 2, 11, '2024-07-27 21:22:48', '2024-07-27 21:22:48'),
(618, 23, 2, 13, '2024-07-27 21:22:58', '2024-07-27 21:23:32'),
(619, 23, 2, 14, '2024-07-27 21:23:09', '2024-07-27 21:23:09'),
(620, 23, 4, 2, '2024-07-27 21:24:21', '2024-07-27 21:24:21'),
(621, 23, 4, 3, '2024-07-27 21:24:34', '2024-07-27 21:24:34'),
(622, 23, 4, 4, '2024-07-27 21:24:45', '2024-07-27 21:24:45'),
(623, 23, 4, 5, '2024-07-27 21:25:02', '2024-07-27 21:25:02'),
(624, 23, 4, 6, '2024-07-27 21:25:14', '2024-07-27 21:25:14'),
(625, 23, 4, 7, '2024-07-27 21:25:28', '2024-07-27 21:25:28'),
(626, 23, 4, 8, '2024-07-27 21:25:56', '2024-07-27 21:25:56'),
(627, 23, 4, 9, '2024-07-27 21:26:09', '2024-07-27 21:26:09'),
(628, 23, 4, 10, '2024-07-27 21:26:22', '2024-07-27 21:26:22'),
(629, 23, 4, 11, '2024-07-27 21:26:36', '2024-07-27 21:26:36'),
(630, 23, 4, 13, '2024-07-27 21:26:48', '2024-07-27 21:26:48'),
(631, 23, 4, 14, '2024-07-27 21:27:00', '2024-07-27 21:27:00'),
(632, 24, 2, 2, '2024-07-27 21:34:02', '2024-07-27 21:34:02'),
(633, 24, 2, 3, '2024-07-27 21:34:24', '2024-07-27 21:34:24'),
(634, 24, 2, 4, '2024-07-27 21:34:36', '2024-07-27 21:34:36'),
(635, 24, 2, 5, '2024-07-27 21:34:49', '2024-07-27 21:34:49'),
(636, 24, 2, 6, '2024-07-27 21:35:03', '2024-07-27 21:35:03'),
(637, 24, 2, 7, '2024-07-27 21:35:25', '2024-07-27 21:35:25'),
(638, 24, 2, 8, '2024-07-27 21:36:38', '2024-07-27 21:36:38'),
(639, 24, 2, 9, '2024-07-27 21:37:01', '2024-07-27 21:37:01'),
(640, 24, 2, 10, '2024-07-27 21:37:18', '2024-07-27 21:37:18'),
(641, 24, 2, 11, '2024-07-27 21:37:31', '2024-07-27 21:37:31'),
(642, 24, 2, 13, '2024-07-27 21:37:44', '2024-07-27 21:37:44'),
(643, 24, 2, 14, '2024-07-27 21:37:55', '2024-07-27 21:37:55'),
(644, 24, 4, 2, '2024-07-27 21:39:12', '2024-07-27 21:39:12'),
(645, 24, 4, 3, '2024-07-27 21:39:25', '2024-07-27 21:39:25'),
(646, 24, 4, 4, '2024-07-27 21:39:38', '2024-07-27 21:39:38'),
(647, 24, 4, 5, '2024-07-27 21:39:54', '2024-07-27 21:39:54'),
(648, 24, 4, 6, '2024-07-27 21:40:09', '2024-07-27 21:40:09'),
(649, 24, 4, 7, '2024-07-27 21:40:20', '2024-07-27 21:40:20'),
(650, 24, 4, 8, '2024-07-27 21:40:49', '2024-07-27 21:40:49'),
(651, 24, 4, 9, '2024-07-27 21:41:02', '2024-07-27 21:41:02'),
(652, 24, 4, 10, '2024-07-27 21:41:17', '2024-07-27 21:41:17'),
(653, 24, 4, 11, '2024-07-27 21:41:31', '2024-07-27 21:41:31'),
(654, 24, 4, 13, '2024-07-27 21:41:43', '2024-07-27 21:41:43'),
(655, 24, 4, 14, '2024-07-27 21:41:55', '2024-07-27 21:41:55'),
(656, 24, 5, 2, '2024-07-27 21:42:30', '2024-07-27 21:42:30'),
(657, 24, 5, 3, '2024-07-27 21:42:42', '2024-07-27 21:42:42'),
(658, 24, 5, 4, '2024-07-27 21:42:58', '2024-07-27 21:42:58'),
(659, 24, 5, 5, '2024-07-27 21:43:12', '2024-07-27 21:43:12'),
(660, 24, 5, 6, '2024-07-27 21:43:26', '2024-07-27 21:43:26'),
(661, 24, 5, 7, '2024-07-27 21:43:38', '2024-07-27 21:43:38'),
(662, 24, 5, 8, '2024-07-27 21:44:12', '2024-07-27 21:44:12'),
(663, 24, 5, 9, '2024-07-27 21:44:32', '2024-07-27 21:44:32'),
(664, 24, 5, 10, '2024-07-27 21:44:46', '2024-07-27 21:44:46'),
(665, 24, 5, 11, '2024-07-27 21:45:00', '2024-07-27 21:45:00'),
(666, 24, 5, 13, '2024-07-27 21:45:14', '2024-07-27 21:45:14'),
(667, 24, 5, 14, '2024-07-27 21:45:26', '2024-07-27 21:45:26'),
(668, 24, 7, 2, '2024-07-27 21:46:07', '2024-07-27 21:46:07'),
(669, 24, 7, 3, '2024-07-27 21:46:19', '2024-07-27 21:46:19'),
(670, 24, 7, 4, '2024-07-27 21:46:40', '2024-07-27 21:46:40'),
(671, 24, 7, 5, '2024-07-27 21:46:57', '2024-07-27 21:46:57'),
(672, 24, 7, 6, '2024-07-27 21:47:11', '2024-07-27 21:47:11'),
(673, 24, 7, 7, '2024-07-27 21:47:25', '2024-07-27 21:47:25'),
(674, 24, 7, 8, '2024-07-27 21:47:57', '2024-07-27 21:47:57'),
(675, 24, 7, 9, '2024-07-27 21:48:10', '2024-07-27 21:48:10'),
(676, 24, 7, 10, '2024-07-27 21:48:26', '2024-07-27 21:48:26'),
(677, 24, 7, 11, '2024-07-27 21:48:40', '2024-07-27 21:48:40'),
(678, 24, 7, 13, '2024-07-27 21:48:53', '2024-07-27 21:48:53'),
(679, 24, 7, 14, '2024-07-27 21:49:03', '2024-07-27 21:49:03'),
(680, 25, 1, 5, '2024-07-28 01:08:42', '2024-07-28 01:08:42'),
(681, 25, 1, 6, '2024-07-28 01:08:55', '2024-07-28 01:08:55'),
(682, 25, 1, 7, '2024-07-28 01:09:09', '2024-07-28 01:09:09'),
(683, 25, 1, 8, '2024-07-28 01:09:37', '2024-07-28 01:09:37'),
(684, 25, 1, 9, '2024-07-28 01:09:55', '2024-07-28 01:09:55'),
(685, 25, 1, 10, '2024-07-28 01:10:08', '2024-07-28 01:10:08'),
(686, 25, 1, 11, '2024-07-28 01:10:22', '2024-07-28 01:10:22'),
(687, 25, 1, 13, '2024-07-28 01:10:41', '2024-07-28 01:10:41'),
(688, 25, 1, 14, '2024-07-28 01:10:52', '2024-07-28 01:10:52'),
(689, 25, 2, 2, '2024-07-28 01:12:30', '2024-07-28 01:12:30'),
(690, 25, 2, 3, '2024-07-28 01:12:43', '2024-07-28 01:12:43'),
(691, 25, 2, 6, '2024-07-28 01:12:56', '2024-07-28 01:14:18'),
(692, 25, 2, 4, '2024-07-28 01:12:59', '2024-07-28 01:12:59'),
(693, 25, 2, 5, '2024-07-28 01:13:12', '2024-07-28 01:13:12'),
(694, 25, 2, 8, '2024-07-28 01:13:25', '2024-07-28 01:15:25'),
(695, 25, 2, 7, '2024-07-28 01:13:38', '2024-07-28 01:13:38'),
(696, 25, 2, 9, '2024-07-28 01:16:48', '2024-07-28 01:16:48'),
(697, 25, 2, 10, '2024-07-28 01:17:06', '2024-07-28 01:17:06'),
(698, 25, 2, 11, '2024-07-28 01:17:18', '2024-07-28 01:17:18'),
(699, 25, 2, 14, '2024-07-28 01:17:30', '2024-07-28 01:18:41'),
(700, 25, 2, 13, '2024-07-28 01:17:43', '2024-07-28 01:17:43'),
(701, 25, 4, 5, '2024-07-28 01:17:56', '2024-07-28 01:23:06'),
(702, 25, 4, 6, '2024-07-28 01:21:15', '2024-07-28 01:22:43'),
(703, 25, 4, 7, '2024-07-28 01:21:33', '2024-07-28 01:22:26'),
(704, 25, 4, 8, '2024-07-28 01:21:47', '2024-07-28 01:22:11'),
(705, 25, 4, 9, '2024-07-28 01:24:04', '2024-07-28 01:24:04'),
(706, 25, 4, 10, '2024-07-28 01:24:20', '2024-07-28 01:24:20'),
(707, 25, 4, 11, '2024-07-28 01:24:36', '2024-07-28 01:24:36'),
(708, 25, 4, 13, '2024-07-28 01:24:50', '2024-07-28 01:24:50'),
(709, 25, 4, 14, '2024-07-28 01:25:00', '2024-07-28 01:25:00'),
(710, 25, 5, 2, '2024-07-28 01:26:22', '2024-07-28 01:26:22'),
(711, 25, 5, 3, '2024-07-28 01:26:39', '2024-07-28 01:26:39'),
(712, 25, 5, 4, '2024-07-28 01:26:56', '2024-07-28 01:26:56'),
(713, 25, 5, 5, '2024-07-28 01:27:12', '2024-07-28 01:27:12'),
(714, 25, 5, 6, '2024-07-28 01:27:26', '2024-07-28 01:27:26'),
(715, 25, 5, 7, '2024-07-28 01:27:38', '2024-07-28 01:27:38'),
(716, 25, 5, 8, '2024-07-28 01:28:22', '2024-07-28 01:28:22'),
(717, 25, 5, 9, '2024-07-28 01:28:36', '2024-07-28 01:28:36'),
(718, 25, 5, 10, '2024-07-28 01:28:49', '2024-07-28 01:28:49'),
(719, 25, 5, 11, '2024-07-28 01:29:01', '2024-07-28 01:29:01'),
(720, 25, 5, 13, '2024-07-28 01:29:12', '2024-07-28 01:29:12'),
(721, 25, 5, 14, '2024-07-28 01:29:25', '2024-07-28 01:29:25'),
(722, 25, 7, 2, '2024-07-28 01:30:46', '2024-07-28 01:30:46'),
(723, 25, 7, 3, '2024-07-28 01:31:02', '2024-07-28 01:31:02'),
(724, 25, 7, 4, '2024-07-28 01:31:18', '2024-07-28 01:31:18'),
(725, 25, 7, 5, '2024-07-28 01:31:34', '2024-07-28 01:31:34'),
(726, 25, 7, 6, '2024-07-28 01:31:48', '2024-07-28 01:31:48'),
(727, 25, 7, 7, '2024-07-28 01:32:05', '2024-07-28 01:32:05'),
(728, 26, 2, 2, '2024-07-28 02:51:58', '2024-07-28 02:51:58'),
(729, 26, 2, 3, '2024-07-28 02:52:11', '2024-07-28 02:52:11'),
(730, 26, 2, 4, '2024-07-28 02:52:24', '2024-07-28 02:52:24'),
(731, 26, 2, 5, '2024-07-28 02:52:36', '2024-07-28 02:52:36'),
(732, 26, 2, 6, '2024-07-28 02:52:47', '2024-07-28 02:52:47'),
(733, 26, 2, 7, '2024-07-28 02:52:58', '2024-07-28 02:54:04'),
(734, 26, 2, 8, '2024-07-28 02:53:10', '2024-07-28 02:53:51'),
(735, 26, 2, 9, '2024-07-28 02:54:36', '2024-07-28 02:54:36'),
(736, 26, 2, 10, '2024-07-28 02:54:51', '2024-07-28 02:54:51'),
(737, 26, 2, 11, '2024-07-28 02:55:00', '2024-07-28 02:55:00'),
(738, 26, 4, 2, '2024-07-28 02:57:33', '2024-07-28 02:57:33'),
(739, 26, 4, 3, '2024-07-28 02:57:43', '2024-07-28 02:57:43'),
(740, 26, 4, 4, '2024-07-28 02:57:55', '2024-07-28 02:57:55'),
(741, 26, 4, 5, '2024-07-28 02:58:07', '2024-07-28 02:58:07'),
(742, 26, 4, 6, '2024-07-28 02:58:18', '2024-07-28 02:58:18'),
(743, 26, 4, 7, '2024-07-28 02:58:28', '2024-07-28 02:58:28'),
(744, 26, 4, 8, '2024-07-28 02:59:10', '2024-07-28 02:59:10'),
(745, 26, 4, 9, '2024-07-28 02:59:21', '2024-07-28 02:59:21'),
(746, 26, 4, 10, '2024-07-28 02:59:32', '2024-07-28 02:59:32'),
(747, 26, 4, 11, '2024-07-28 02:59:41', '2024-07-28 02:59:41'),
(748, 26, 5, 2, '2024-07-28 03:00:21', '2024-07-28 03:00:21'),
(749, 26, 5, 3, '2024-07-28 03:00:32', '2024-07-28 03:00:32'),
(750, 26, 5, 4, '2024-07-28 03:00:42', '2024-07-28 03:00:42'),
(751, 26, 5, 5, '2024-07-28 03:00:55', '2024-07-28 03:00:55'),
(752, 26, 5, 6, '2024-07-28 03:01:09', '2024-07-28 03:01:09'),
(753, 26, 5, 7, '2024-07-28 03:01:21', '2024-07-28 03:01:21'),
(754, 26, 5, 8, '2024-07-28 03:01:51', '2024-07-28 03:01:51'),
(755, 26, 5, 9, '2024-07-28 03:02:03', '2024-07-28 03:02:03'),
(756, 26, 5, 10, '2024-07-28 03:02:15', '2024-07-28 03:02:15'),
(757, 26, 5, 11, '2024-07-28 03:02:26', '2024-07-28 03:02:26'),
(758, 27, 2, 2, '2024-07-28 03:21:09', '2024-07-28 03:21:09'),
(759, 27, 2, 3, '2024-07-28 03:21:27', '2024-07-28 03:21:27'),
(760, 27, 2, 4, '2024-07-28 03:21:37', '2024-07-28 03:21:37'),
(761, 27, 2, 5, '2024-07-28 03:21:52', '2024-07-28 03:21:52'),
(762, 27, 2, 6, '2024-07-28 03:22:03', '2024-07-28 03:22:03'),
(763, 27, 2, 7, '2024-07-28 03:22:12', '2024-07-28 03:22:12'),
(764, 27, 2, 8, '2024-07-28 03:22:44', '2024-07-28 03:22:44'),
(765, 27, 2, 9, '2024-07-28 03:22:55', '2024-07-28 03:22:55'),
(766, 27, 2, 10, '2024-07-28 03:23:08', '2024-07-28 03:23:08'),
(767, 27, 2, 11, '2024-07-28 03:23:20', '2024-07-28 03:23:20'),
(768, 27, 2, 13, '2024-07-28 03:23:31', '2024-07-28 03:23:31'),
(769, 27, 2, 14, '2024-07-28 03:23:39', '2024-07-28 03:23:39'),
(770, 27, 7, 2, '2024-07-28 03:24:22', '2024-07-28 03:24:22'),
(771, 27, 7, 3, '2024-07-28 03:24:35', '2024-07-28 03:24:35'),
(772, 27, 7, 4, '2024-07-28 03:24:45', '2024-07-28 03:24:45'),
(773, 27, 7, 5, '2024-07-28 03:25:02', '2024-07-28 03:25:02'),
(774, 27, 7, 6, '2024-07-28 03:25:15', '2024-07-28 03:25:15'),
(775, 27, 7, 7, '2024-07-28 03:25:24', '2024-07-28 03:25:24'),
(776, 28, 5, 2, '2024-07-28 03:31:39', '2024-07-28 03:31:39'),
(777, 28, 5, 3, '2024-07-28 03:31:49', '2024-07-28 03:31:49'),
(778, 28, 5, 4, '2024-07-28 03:32:04', '2024-07-28 03:32:04'),
(779, 28, 5, 5, '2024-07-28 03:32:21', '2024-07-28 03:32:21'),
(780, 28, 5, 6, '2024-07-28 03:32:34', '2024-07-28 03:32:34'),
(781, 28, 5, 7, '2024-07-28 03:32:46', '2024-07-28 03:32:46'),
(782, 28, 5, 8, '2024-07-28 03:33:07', '2024-07-28 03:33:07'),
(783, 28, 5, 9, '2024-07-28 03:33:18', '2024-07-28 03:33:18'),
(784, 28, 5, 10, '2024-07-28 03:33:31', '2024-07-28 03:33:31'),
(785, 28, 5, 11, '2024-07-28 03:33:44', '2024-07-28 03:33:44'),
(786, 28, 5, 13, '2024-07-28 03:33:59', '2024-07-28 03:33:59'),
(787, 28, 5, 14, '2024-07-28 03:34:08', '2024-07-28 03:34:08'),
(788, 29, 4, 2, '2024-07-28 07:01:33', '2024-07-28 07:01:33'),
(789, 29, 4, 3, '2024-07-28 07:01:53', '2024-07-28 07:01:53'),
(790, 29, 4, 4, '2024-07-28 07:02:08', '2024-07-28 07:02:08'),
(791, 29, 4, 5, '2024-07-28 07:02:32', '2024-07-28 07:02:32'),
(793, 29, 4, 6, '2024-07-28 07:03:04', '2024-07-28 07:03:24'),
(794, 29, 4, 7, '2024-07-28 07:03:44', '2024-07-28 07:03:44'),
(795, 29, 5, 2, '2024-07-28 07:04:15', '2024-07-28 07:04:15'),
(796, 29, 5, 3, '2024-07-28 07:04:29', '2024-07-28 07:04:29'),
(797, 29, 5, 4, '2024-07-28 07:04:44', '2024-07-28 07:04:44'),
(798, 29, 5, 5, '2024-07-28 07:05:01', '2024-07-28 07:05:01'),
(799, 29, 5, 6, '2024-07-28 07:05:20', '2024-07-28 07:05:20'),
(800, 29, 5, 7, '2024-07-28 07:05:35', '2024-07-28 07:05:48'),
(808, 30, 5, 2, '2024-07-28 07:24:30', '2024-07-28 07:24:30'),
(809, 30, 5, 3, '2024-07-28 07:24:41', '2024-07-28 07:27:38'),
(810, 30, 5, 4, '2024-07-28 07:24:53', '2024-07-28 07:28:07'),
(811, 30, 5, 5, '2024-07-28 07:25:07', '2024-07-28 07:28:20'),
(812, 30, 5, 6, '2024-07-28 07:25:22', '2024-07-28 07:28:35'),
(813, 30, 5, 7, '2024-07-28 07:25:45', '2024-07-28 07:25:45'),
(814, 30, 5, 8, '2024-07-28 07:25:58', '2024-07-28 07:28:48'),
(815, 30, 5, 9, '2024-07-28 07:26:12', '2024-07-28 07:26:12'),
(816, 30, 5, 10, '2024-07-28 07:26:28', '2024-07-28 07:29:04'),
(817, 30, 5, 11, '2024-07-28 07:26:44', '2024-07-28 07:26:44'),
(818, 30, 5, 13, '2024-07-28 07:26:58', '2024-07-28 07:26:58'),
(819, 30, 5, 14, '2024-07-28 07:27:09', '2024-07-28 07:27:09'),
(820, 31, 4, 2, '2024-07-28 07:30:13', '2024-07-28 07:30:13'),
(821, 31, 4, 3, '2024-07-28 07:30:27', '2024-07-28 07:30:27'),
(822, 31, 4, 4, '2024-07-28 07:31:15', '2024-07-28 07:31:15'),
(823, 31, 4, 5, '2024-07-28 07:31:33', '2024-07-28 07:32:35'),
(824, 31, 4, 6, '2024-07-28 07:31:50', '2024-07-28 07:31:50'),
(825, 31, 4, 7, '2024-07-28 07:32:10', '2024-07-28 07:32:10'),
(826, 31, 7, 2, '2024-07-28 07:32:57', '2024-07-28 07:32:57'),
(827, 31, 7, 3, '2024-07-28 07:33:11', '2024-07-28 07:33:11'),
(828, 31, 7, 4, '2024-07-28 07:33:28', '2024-07-28 07:33:28'),
(829, 31, 7, 5, '2024-07-28 07:33:58', '2024-07-28 07:33:58'),
(830, 31, 7, 6, '2024-07-28 07:34:17', '2024-07-28 07:34:17'),
(831, 31, 7, 7, '2024-07-28 07:34:37', '2024-07-28 07:34:37');

-- --------------------------------------------------------

--
-- Struktur dari tabel `failed_jobs`
--

CREATE TABLE `failed_jobs` (
  `id` bigint(20) UNSIGNED NOT NULL,
  `uuid` varchar(255) NOT NULL,
  `connection` text NOT NULL,
  `queue` text NOT NULL,
  `payload` longtext NOT NULL,
  `exception` longtext NOT NULL,
  `failed_at` timestamp NOT NULL DEFAULT current_timestamp()
) ENGINE=InnoDB DEFAULT CHARSET=utf8mb4 COLLATE=utf8mb4_unicode_ci;

-- --------------------------------------------------------

--
-- Struktur dari tabel `haris`
--

CREATE TABLE `haris` (
  `id` bigint(20) UNSIGNED NOT NULL,
  `hari` varchar(10) NOT NULL,
  `created_at` timestamp NULL DEFAULT NULL,
  `updated_at` timestamp NULL DEFAULT NULL
) ENGINE=InnoDB DEFAULT CHARSET=utf8mb4 COLLATE=utf8mb4_unicode_ci;

--
-- Dumping data untuk tabel `haris`
--

INSERT INTO `haris` (`id`, `hari`, `created_at`, `updated_at`) VALUES
(1, 'Senin', '2024-06-24 01:42:12', '2024-07-07 08:05:40'),
(2, 'Selasa', '2024-06-24 01:48:18', '2024-07-07 08:06:23'),
(4, 'Rabu', '2024-07-07 08:06:35', '2024-07-07 08:06:57'),
(5, 'Kamis', '2024-07-07 08:06:49', '2024-07-07 08:06:49'),
(7, 'Jumat', '2024-07-07 08:09:59', '2024-07-07 08:09:59');

-- --------------------------------------------------------

--
-- Struktur dari tabel `jadwals`
--

CREATE TABLE `jadwals` (
  `id` bigint(20) UNSIGNED NOT NULL,
  `dosen_waktu_id` bigint(20) UNSIGNED NOT NULL,
  `kelas_id` bigint(20) UNSIGNED NOT NULL,
  `semester` int(11) NOT NULL,
  `dosen_matkul_id` bigint(20) UNSIGNED NOT NULL,
  `sks` int(11) NOT NULL,
  `jam_mulai` varchar(20) NOT NULL,
  `jam_selesai` varchar(20) NOT NULL,
  `ruangan_id` bigint(20) UNSIGNED NOT NULL,
  `created_at` timestamp NULL DEFAULT NULL,
  `updated_at` timestamp NULL DEFAULT NULL
) ENGINE=InnoDB DEFAULT CHARSET=utf8mb4 COLLATE=utf8mb4_unicode_ci;

-- --------------------------------------------------------

--
-- Struktur dari tabel `jams`
--

CREATE TABLE `jams` (
  `id` bigint(20) UNSIGNED NOT NULL,
  `range_jam` varchar(20) NOT NULL,
  `created_at` timestamp NULL DEFAULT NULL,
  `updated_at` timestamp NULL DEFAULT NULL
) ENGINE=InnoDB DEFAULT CHARSET=utf8mb4 COLLATE=utf8mb4_unicode_ci;

--
-- Dumping data untuk tabel `jams`
--

INSERT INTO `jams` (`id`, `range_jam`, `created_at`, `updated_at`) VALUES
(2, '08:00 - 08:40', '2024-07-07 08:12:03', '2024-07-23 23:43:43'),
(3, '08:40 - 09:20', '2024-07-07 08:12:33', '2024-07-23 23:43:53'),
(4, '09:20 - 10:00', '2024-07-07 08:13:07', '2024-07-23 23:44:07'),
(5, '10:00 - 10:40', '2024-07-07 08:13:22', '2024-07-23 23:49:06'),
(6, '10:40 - 11:20', '2024-07-07 08:13:58', '2024-07-23 23:49:23'),
(7, '11:20 - 12:00', '2024-07-07 08:15:40', '2024-07-24 00:37:18'),
(8, '13:00 - 13:40', '2024-07-07 08:16:07', '2024-07-23 23:49:53'),
(9, '13:40 - 14:20', '2024-07-07 08:16:27', '2024-07-24 00:39:08'),
(10, '14:20 - 15:00', '2024-07-07 08:16:45', '2024-07-24 00:39:24'),
(11, '15:00 - 15:40', '2024-07-07 08:16:56', '2024-07-24 00:39:39'),
(13, '15:40 - 16:20', '2024-07-23 23:44:22', '2024-07-24 00:40:21'),
(14, '16:20 - 17:00', '2024-07-24 00:40:37', '2024-07-24 00:40:37');

-- --------------------------------------------------------

--
-- Struktur dari tabel `kelas`
--

CREATE TABLE `kelas` (
  `id` bigint(20) UNSIGNED NOT NULL,
  `angkatan` int(11) NOT NULL,
  `kelas` varchar(10) NOT NULL,
  `semester` int(11) NOT NULL,
  `jml_mahasiswa` int(11) NOT NULL,
  `mahasiswa_id` bigint(20) UNSIGNED NOT NULL,
  `created_at` timestamp NULL DEFAULT NULL,
  `updated_at` timestamp NULL DEFAULT NULL
) ENGINE=InnoDB DEFAULT CHARSET=utf8mb4 COLLATE=utf8mb4_unicode_ci;

--
-- Dumping data untuk tabel `kelas`
--

INSERT INTO `kelas` (`id`, `angkatan`, `kelas`, `semester`, `jml_mahasiswa`, `mahasiswa_id`, `created_at`, `updated_at`) VALUES
(46, 2023, '23A', 2, 40, 1, '2024-08-07 04:08:23', '2024-08-07 04:08:23'),
(47, 2023, '23B', 2, 40, 1, '2024-08-07 04:08:23', '2024-08-07 04:08:23'),
(48, 2023, '23C', 2, 40, 1, '2024-08-07 04:08:23', '2024-08-07 04:08:23'),
(49, 2023, '23D', 2, 40, 1, '2024-08-07 04:08:23', '2024-08-07 04:08:23'),
(50, 2023, '23E', 2, 25, 1, '2024-08-07 04:08:23', '2024-08-07 04:08:23'),
(51, 2022, '22A', 4, 40, 2, '2024-08-07 04:08:23', '2024-08-07 04:08:23'),
(52, 2022, '22B', 4, 39, 2, '2024-08-07 04:08:23', '2024-08-07 04:08:23'),
(53, 2021, '21A', 6, 40, 5, '2024-08-07 04:08:23', '2024-08-07 04:08:23'),
(54, 2021, '21B', 6, 7, 5, '2024-08-07 04:08:23', '2024-08-07 04:08:23'),
(55, 2020, '20A', 8, 40, 6, '2024-08-07 04:08:23', '2024-08-07 04:08:23'),
(56, 2020, '20B', 8, 26, 6, '2024-08-07 04:08:23', '2024-08-07 04:08:23');

-- --------------------------------------------------------

--
-- Struktur dari tabel `mahasiswas`
--

CREATE TABLE `mahasiswas` (
  `id` bigint(20) UNSIGNED NOT NULL,
  `angkatan` varchar(10) NOT NULL,
  `semester` varchar(10) NOT NULL,
  `jml_mahasiswa` varchar(10) NOT NULL,
  `created_at` timestamp NULL DEFAULT NULL,
  `updated_at` timestamp NULL DEFAULT NULL
) ENGINE=InnoDB DEFAULT CHARSET=utf8mb4 COLLATE=utf8mb4_unicode_ci;

--
-- Dumping data untuk tabel `mahasiswas`
--

INSERT INTO `mahasiswas` (`id`, `angkatan`, `semester`, `jml_mahasiswa`, `created_at`, `updated_at`) VALUES
(1, '2023', '2', '185', '2024-06-22 20:52:54', '2024-07-01 00:02:06'),
(2, '2022', '4', '79', '2024-06-22 20:54:10', '2024-06-30 03:38:00'),
(5, '2021', '6', '47', '2024-06-24 07:46:07', '2024-07-01 00:03:04'),
(6, '2020', '8', '66', '2024-06-30 03:37:01', '2024-07-01 00:03:10');

-- --------------------------------------------------------

--
-- Struktur dari tabel `matakuliahs`
--

CREATE TABLE `matakuliahs` (
  `id` bigint(20) UNSIGNED NOT NULL,
  `kode_mk` varchar(10) NOT NULL,
  `nama` varchar(50) NOT NULL,
  `sks` int(11) NOT NULL,
  `semester` int(11) NOT NULL,
  `created_at` timestamp NULL DEFAULT NULL,
  `updated_at` timestamp NULL DEFAULT NULL
) ENGINE=InnoDB DEFAULT CHARSET=utf8mb4 COLLATE=utf8mb4_unicode_ci;

--
-- Dumping data untuk tabel `matakuliahs`
--

INSERT INTO `matakuliahs` (`id`, `kode_mk`, `nama`, `sks`, `semester`, `created_at`, `updated_at`) VALUES
(2, 'IF-002', 'Algoritma dan Pemograman 2', 3, 2, '2024-06-24 07:41:39', '2024-07-24 06:30:26'),
(3, 'IF-004', 'Sistem Basis Data', 3, 2, '2024-06-24 07:45:49', '2024-07-24 06:31:28'),
(4, 'IF-U02', 'Bahasa Inggris 2', 2, 2, '2024-06-24 07:54:48', '2024-07-24 06:32:37'),
(6, 'IF-009', 'Organisasi & Arsitektur Komputer', 2, 2, '2024-06-24 07:55:32', '2024-07-24 06:34:25'),
(7, 'IF-013', 'Matematika Informatika', 3, 2, '2024-07-24 06:33:45', '2024-07-24 06:33:45'),
(8, 'IF-008', 'Literasi Digital', 2, 2, '2024-07-24 06:37:08', '2024-07-24 06:37:08'),
(9, 'IF-U03', 'Kewarganegaraan', 2, 2, '2024-07-24 06:37:48', '2024-07-24 06:37:48'),
(10, 'IF-012', 'Metode Numerik', 3, 2, '2024-07-24 06:38:11', '2024-07-24 06:38:11'),
(11, 'IF-016', 'Pemograman Berorientasi Objek 2', 3, 4, '2024-07-24 06:46:34', '2024-07-24 06:49:41'),
(12, 'IF-006', 'Object Oriented Analysis and Design (OOAD)', 3, 4, '2024-07-24 06:48:32', '2024-07-24 06:49:54'),
(13, 'IF-018', 'Jaringan Komputer 2', 3, 4, '2024-07-24 06:50:30', '2024-07-24 06:50:30'),
(14, 'IF-020', 'Digital Preneurship', 3, 4, '2024-07-24 06:51:04', '2024-07-24 06:51:04'),
(15, 'IF-022', 'Teknik Kompilasi', 3, 4, '2024-07-24 06:51:40', '2024-07-24 07:38:04'),
(16, 'IF-023', 'Pemograman Mobile 1', 3, 4, '2024-07-24 06:52:40', '2024-07-24 06:52:40'),
(17, 'IF-101', 'Manajemen Proyek Perangkat Lunak', 3, 4, '2024-07-24 06:53:30', '2024-07-24 06:53:30'),
(18, 'IF-U07', 'Teknik Penulisan Literatur Ilmiah', 2, 6, '2024-07-24 07:35:26', '2024-07-24 07:36:38'),
(19, 'IF-026', 'Pemograman Web 2', 3, 6, '2024-07-24 07:36:10', '2024-07-24 07:36:10'),
(20, 'IF-029', 'Metodologi Penelitian Informatika', 3, 6, '2024-07-24 07:37:00', '2024-07-24 07:37:00'),
(21, 'IF-028', 'Sistem Mikrokontroler', 3, 6, '2024-07-24 07:37:42', '2024-07-24 07:37:42'),
(22, 'IF-P03', 'Data Mining', 3, 6, '2024-07-24 07:38:46', '2024-07-24 07:38:46'),
(23, 'IF-204', 'Pengujian Perangkat Lunak', 3, 6, '2024-07-24 07:39:27', '2024-07-24 07:39:27'),
(24, 'IF-206', 'Android Development Associate (ADA)', 3, 6, '2024-07-24 07:39:57', '2024-07-24 07:39:57'),
(25, 'IF-031', 'Sistem Pakar', 3, 8, '2024-07-24 07:54:16', '2024-07-24 07:54:16'),
(26, 'IF-P08', 'Profesional Development', 2, 8, '2024-07-24 07:54:42', '2024-07-24 07:55:13');

-- --------------------------------------------------------

--
-- Struktur dari tabel `migrations`
--

CREATE TABLE `migrations` (
  `id` int(10) UNSIGNED NOT NULL,
  `migration` varchar(255) NOT NULL,
  `batch` int(11) NOT NULL
) ENGINE=InnoDB DEFAULT CHARSET=utf8mb4 COLLATE=utf8mb4_unicode_ci;

--
-- Dumping data untuk tabel `migrations`
--

INSERT INTO `migrations` (`id`, `migration`, `batch`) VALUES
(1, '2014_10_12_000000_create_users_table', 1),
(2, '2014_10_12_100000_create_password_resets_table', 1),
(3, '2019_08_19_000000_create_failed_jobs_table', 1),
(4, '2019_12_14_000001_create_personal_access_tokens_table', 1),
(5, '2024_06_01_074030_create_roles_table', 1),
(7, '2024_06_01_074450_add_role_id_column_to_users_table', 2),
(8, '2024_06_18_135127_create_ruangan_table', 3),
(9, '2024_06_19_115009_add_unique_role_in_ruangan_table', 4),
(10, '2024_06_19_121422_create_dosen_table', 4),
(11, '2024_06_19_124942_create_posts_table', 4),
(12, '2024_06_20_145704_create_ruangans_table', 5),
(13, '2024_06_22_051108_create_siswa_table', 6),
(14, '2024_06_22_133104_create_mahasiswa_table', 7),
(15, '2024_06_22_140532_create_mahasiswas_table', 8),
(16, '2024_06_23_034911_create_mahasiswas_table', 9),
(17, '2024_06_24_081254_create_haris_table', 10),
(18, '2024_06_24_134211_create_matakuliahs_table', 11),
(19, '2024_06_25_063006_create_dosens_table', 12),
(23, '2024_06_26_023247_create_jams_table', 13),
(24, '2024_06_26_140742_create_dosen_matkuls_table', 14),
(27, '2024_06_27_080221_create_dosen_waktus_table', 15),
(28, '2024_06_30_102850_add_thn_akademik_column_to_mahasiswas_table', 16),
(29, '2024_07_01_064557_create_kelass_table', 17),
(48, '2024_07_01_065718_create_kelas_table', 18),
(50, '2024_08_05_064518_create_status_proses_table', 19),
(53, '2024_08_05_104013_create_status_dosen_waktus_table', 20),
(62, '2024_08_05_154157_create_status_dosen_matkuls_table', 21),
(63, '2024_08_06_125926_create_jadwals_table', 21),
(64, '2024_08_06_161337_update_sks_in_dosen_matkuls', 22),
(66, '2024_08_06_175104_create_jadwals_table', 23),
(72, '2024_08_08_050024_drop_table_jadwals', 24),
(73, '2024_08_08_050237_drop_table_dosen_matkuls', 24),
(74, '2024_08_08_050838_create_dosen_matkuls_table', 25),
(75, '2024_08_08_051318_create_jadwals_table', 26);

-- --------------------------------------------------------

--
-- Struktur dari tabel `password_resets`
--

CREATE TABLE `password_resets` (
  `email` varchar(255) NOT NULL,
  `token` varchar(255) NOT NULL,
  `created_at` timestamp NULL DEFAULT NULL
) ENGINE=InnoDB DEFAULT CHARSET=utf8mb4 COLLATE=utf8mb4_unicode_ci;

-- --------------------------------------------------------

--
-- Struktur dari tabel `personal_access_tokens`
--

CREATE TABLE `personal_access_tokens` (
  `id` bigint(20) UNSIGNED NOT NULL,
  `tokenable_type` varchar(255) NOT NULL,
  `tokenable_id` bigint(20) UNSIGNED NOT NULL,
  `name` varchar(255) NOT NULL,
  `token` varchar(64) NOT NULL,
  `abilities` text DEFAULT NULL,
  `last_used_at` timestamp NULL DEFAULT NULL,
  `created_at` timestamp NULL DEFAULT NULL,
  `updated_at` timestamp NULL DEFAULT NULL
) ENGINE=InnoDB DEFAULT CHARSET=utf8mb4 COLLATE=utf8mb4_unicode_ci;

-- --------------------------------------------------------

--
-- Struktur dari tabel `roles`
--

CREATE TABLE `roles` (
  `id` bigint(20) UNSIGNED NOT NULL,
  `name` varchar(20) NOT NULL,
  `created_at` timestamp NULL DEFAULT NULL,
  `updated_at` timestamp NULL DEFAULT NULL
) ENGINE=InnoDB DEFAULT CHARSET=utf8mb4 COLLATE=utf8mb4_unicode_ci;

--
-- Dumping data untuk tabel `roles`
--

INSERT INTO `roles` (`id`, `name`, `created_at`, `updated_at`) VALUES
(1, 'direktorat', NULL, NULL),
(2, 'kepala', NULL, NULL);

-- --------------------------------------------------------

--
-- Struktur dari tabel `ruangans`
--

CREATE TABLE `ruangans` (
  `id` bigint(20) UNSIGNED NOT NULL,
  `no_ruangan` varchar(10) NOT NULL,
  `kapasitas` varchar(10) NOT NULL,
  `created_at` timestamp NULL DEFAULT NULL,
  `updated_at` timestamp NULL DEFAULT NULL
) ENGINE=InnoDB DEFAULT CHARSET=utf8mb4 COLLATE=utf8mb4_unicode_ci;

--
-- Dumping data untuk tabel `ruangans`
--

INSERT INTO `ruangans` (`id`, `no_ruangan`, `kapasitas`, `created_at`, `updated_at`) VALUES
(1, 'A101', '30', '2024-06-20 08:00:03', '2024-07-09 00:15:01'),
(3, 'A201', '30', '2024-06-22 00:32:22', '2024-07-30 21:43:29'),
(4, 'A203', '30', '2024-06-22 00:32:30', '2024-07-30 21:43:43'),
(6, 'A204', '30', '2024-06-22 00:32:46', '2024-07-30 21:43:50'),
(7, 'A302', '30', '2024-06-22 00:34:26', '2024-07-30 21:44:11'),
(9, 'A303', '30', '2024-06-22 08:44:21', '2024-07-30 21:44:25'),
(11, 'A305', '30', '2024-07-06 08:00:27', '2024-07-30 21:44:41'),
(12, 'A306', '30', '2024-07-08 08:51:16', '2024-07-30 21:44:52'),
(13, 'A401', '30', '2024-07-08 08:51:34', '2024-07-30 21:45:08'),
(14, 'A402', '30', '2024-07-08 08:51:45', '2024-07-30 21:45:16'),
(16, 'A403', '30', '2024-07-30 21:45:27', '2024-07-30 21:45:27'),
(17, 'A404', '30', '2024-07-30 21:45:45', '2024-07-30 21:45:45');

-- --------------------------------------------------------

--
-- Struktur dari tabel `status_dosen_matkuls`
--

CREATE TABLE `status_dosen_matkuls` (
  `id` bigint(20) UNSIGNED NOT NULL,
  `status` tinyint(1) NOT NULL DEFAULT 0,
  `created_at` timestamp NULL DEFAULT NULL,
  `updated_at` timestamp NULL DEFAULT NULL
) ENGINE=InnoDB DEFAULT CHARSET=utf8mb4 COLLATE=utf8mb4_unicode_ci;

--
-- Dumping data untuk tabel `status_dosen_matkuls`
--

INSERT INTO `status_dosen_matkuls` (`id`, `status`, `created_at`, `updated_at`) VALUES
(1, 0, '2024-08-06 09:26:16', '2024-08-08 00:17:21');

-- --------------------------------------------------------

--
-- Struktur dari tabel `status_dosen_waktus`
--

CREATE TABLE `status_dosen_waktus` (
  `id` bigint(20) UNSIGNED NOT NULL,
  `status` tinyint(1) NOT NULL DEFAULT 0,
  `created_at` timestamp NULL DEFAULT NULL,
  `updated_at` timestamp NULL DEFAULT NULL
) ENGINE=InnoDB DEFAULT CHARSET=utf8mb4 COLLATE=utf8mb4_unicode_ci;

--
-- Dumping data untuk tabel `status_dosen_waktus`
--

INSERT INTO `status_dosen_waktus` (`id`, `status`, `created_at`, `updated_at`) VALUES
(1, 1, '2024-08-05 08:06:29', '2024-08-05 08:07:40');

-- --------------------------------------------------------

--
-- Struktur dari tabel `status_proses`
--

CREATE TABLE `status_proses` (
  `id` bigint(20) UNSIGNED NOT NULL,
  `status` tinyint(1) NOT NULL DEFAULT 0,
  `created_at` timestamp NULL DEFAULT NULL,
  `updated_at` timestamp NULL DEFAULT NULL
) ENGINE=InnoDB DEFAULT CHARSET=utf8mb4 COLLATE=utf8mb4_unicode_ci;

--
-- Dumping data untuk tabel `status_proses`
--

INSERT INTO `status_proses` (`id`, `status`, `created_at`, `updated_at`) VALUES
(1, 1, '2024-08-05 01:14:30', '2024-08-05 08:03:58');

-- --------------------------------------------------------

--
-- Struktur dari tabel `users`
--

CREATE TABLE `users` (
  `id` bigint(20) UNSIGNED NOT NULL,
  `username` varchar(255) NOT NULL,
  `password` varchar(255) NOT NULL,
  `divisi` varchar(30) NOT NULL,
  `created_at` timestamp NULL DEFAULT NULL,
  `updated_at` timestamp NULL DEFAULT NULL,
  `role_id` bigint(20) UNSIGNED NOT NULL
) ENGINE=InnoDB DEFAULT CHARSET=utf8mb4 COLLATE=utf8mb4_unicode_ci;

--
-- Dumping data untuk tabel `users`
--

INSERT INTO `users` (`id`, `username`, `password`, `divisi`, `created_at`, `updated_at`, `role_id`) VALUES
(5, 'administrasi1', '$2y$10$kT2I/SR0ezQoRgspuoj2huYMTx9t860HiGspSGa5.p.IIsysBhrqC', 'direktorat', NULL, NULL, 1),
(6, 'informatika1', '$2y$10$4tz9TRdnhR.5ehvdd1rsq.li36DF7cZ3Y9F/qkDNbdeDtDcCsQtmK', 'kepala', NULL, NULL, 2),
(7, 'admin', '$2y$10$rbLnOOSoW117kW9TrsiVBeMu0n7U63Plt8IzY6k6x9WAa9n3vOo5C', 'direktorat', '2024-06-01 03:54:23', '2024-06-01 03:54:23', 1);

--
-- Indexes for dumped tables
--

--
-- Indeks untuk tabel `dosens`
--
ALTER TABLE `dosens`
  ADD PRIMARY KEY (`id`);

--
-- Indeks untuk tabel `dosen_matkuls`
--
ALTER TABLE `dosen_matkuls`
  ADD PRIMARY KEY (`id`),
  ADD KEY `dosen_matkuls_dosen_id_foreign` (`dosen_id`),
  ADD KEY `dosen_matkuls_matakuliah_id_foreign` (`matakuliah_id`);

--
-- Indeks untuk tabel `dosen_waktus`
--
ALTER TABLE `dosen_waktus`
  ADD PRIMARY KEY (`id`),
  ADD KEY `dosen_waktus_dosen_id_foreign` (`dosen_id`),
  ADD KEY `dosen_waktus_hari_id_foreign` (`hari_id`),
  ADD KEY `dosen_waktus_jam_id_foreign` (`jam_id`);

--
-- Indeks untuk tabel `failed_jobs`
--
ALTER TABLE `failed_jobs`
  ADD PRIMARY KEY (`id`),
  ADD UNIQUE KEY `failed_jobs_uuid_unique` (`uuid`);

--
-- Indeks untuk tabel `haris`
--
ALTER TABLE `haris`
  ADD PRIMARY KEY (`id`);

--
-- Indeks untuk tabel `jadwals`
--
ALTER TABLE `jadwals`
  ADD PRIMARY KEY (`id`),
  ADD KEY `jadwals_dosen_waktu_id_foreign` (`dosen_waktu_id`),
  ADD KEY `jadwals_kelas_id_foreign` (`kelas_id`),
  ADD KEY `jadwals_dosen_matkul_id_foreign` (`dosen_matkul_id`),
  ADD KEY `jadwals_ruangan_id_foreign` (`ruangan_id`);

--
-- Indeks untuk tabel `jams`
--
ALTER TABLE `jams`
  ADD PRIMARY KEY (`id`);

--
-- Indeks untuk tabel `kelas`
--
ALTER TABLE `kelas`
  ADD PRIMARY KEY (`id`),
  ADD KEY `kelas_mahasiswa_id_foreign` (`mahasiswa_id`);

--
-- Indeks untuk tabel `mahasiswas`
--
ALTER TABLE `mahasiswas`
  ADD PRIMARY KEY (`id`);

--
-- Indeks untuk tabel `matakuliahs`
--
ALTER TABLE `matakuliahs`
  ADD PRIMARY KEY (`id`);

--
-- Indeks untuk tabel `migrations`
--
ALTER TABLE `migrations`
  ADD PRIMARY KEY (`id`);

--
-- Indeks untuk tabel `password_resets`
--
ALTER TABLE `password_resets`
  ADD KEY `password_resets_email_index` (`email`);

--
-- Indeks untuk tabel `personal_access_tokens`
--
ALTER TABLE `personal_access_tokens`
  ADD PRIMARY KEY (`id`),
  ADD UNIQUE KEY `personal_access_tokens_token_unique` (`token`),
  ADD KEY `personal_access_tokens_tokenable_type_tokenable_id_index` (`tokenable_type`,`tokenable_id`);

--
-- Indeks untuk tabel `roles`
--
ALTER TABLE `roles`
  ADD PRIMARY KEY (`id`);

--
-- Indeks untuk tabel `ruangans`
--
ALTER TABLE `ruangans`
  ADD PRIMARY KEY (`id`);

--
-- Indeks untuk tabel `status_dosen_matkuls`
--
ALTER TABLE `status_dosen_matkuls`
  ADD PRIMARY KEY (`id`);

--
-- Indeks untuk tabel `status_dosen_waktus`
--
ALTER TABLE `status_dosen_waktus`
  ADD PRIMARY KEY (`id`);

--
-- Indeks untuk tabel `status_proses`
--
ALTER TABLE `status_proses`
  ADD PRIMARY KEY (`id`);

--
-- Indeks untuk tabel `users`
--
ALTER TABLE `users`
  ADD PRIMARY KEY (`id`),
  ADD UNIQUE KEY `users_username_unique` (`username`),
  ADD KEY `users_role_id_foreign` (`role_id`);

--
-- AUTO_INCREMENT untuk tabel yang dibuang
--

--
-- AUTO_INCREMENT untuk tabel `dosens`
--
ALTER TABLE `dosens`
  MODIFY `id` bigint(20) UNSIGNED NOT NULL AUTO_INCREMENT, AUTO_INCREMENT=32;

--
-- AUTO_INCREMENT untuk tabel `dosen_matkuls`
--
ALTER TABLE `dosen_matkuls`
  MODIFY `id` bigint(20) UNSIGNED NOT NULL AUTO_INCREMENT, AUTO_INCREMENT=71;

--
-- AUTO_INCREMENT untuk tabel `dosen_waktus`
--
ALTER TABLE `dosen_waktus`
  MODIFY `id` bigint(20) UNSIGNED NOT NULL AUTO_INCREMENT, AUTO_INCREMENT=832;

--
-- AUTO_INCREMENT untuk tabel `failed_jobs`
--
ALTER TABLE `failed_jobs`
  MODIFY `id` bigint(20) UNSIGNED NOT NULL AUTO_INCREMENT;

--
-- AUTO_INCREMENT untuk tabel `haris`
--
ALTER TABLE `haris`
  MODIFY `id` bigint(20) UNSIGNED NOT NULL AUTO_INCREMENT, AUTO_INCREMENT=8;

--
-- AUTO_INCREMENT untuk tabel `jadwals`
--
ALTER TABLE `jadwals`
  MODIFY `id` bigint(20) UNSIGNED NOT NULL AUTO_INCREMENT;

--
-- AUTO_INCREMENT untuk tabel `jams`
--
ALTER TABLE `jams`
  MODIFY `id` bigint(20) UNSIGNED NOT NULL AUTO_INCREMENT, AUTO_INCREMENT=16;

--
-- AUTO_INCREMENT untuk tabel `kelas`
--
ALTER TABLE `kelas`
  MODIFY `id` bigint(20) UNSIGNED NOT NULL AUTO_INCREMENT, AUTO_INCREMENT=57;

--
-- AUTO_INCREMENT untuk tabel `mahasiswas`
--
ALTER TABLE `mahasiswas`
  MODIFY `id` bigint(20) UNSIGNED NOT NULL AUTO_INCREMENT, AUTO_INCREMENT=9;

--
-- AUTO_INCREMENT untuk tabel `matakuliahs`
--
ALTER TABLE `matakuliahs`
  MODIFY `id` bigint(20) UNSIGNED NOT NULL AUTO_INCREMENT, AUTO_INCREMENT=28;

--
-- AUTO_INCREMENT untuk tabel `migrations`
--
ALTER TABLE `migrations`
  MODIFY `id` int(10) UNSIGNED NOT NULL AUTO_INCREMENT, AUTO_INCREMENT=76;

--
-- AUTO_INCREMENT untuk tabel `personal_access_tokens`
--
ALTER TABLE `personal_access_tokens`
  MODIFY `id` bigint(20) UNSIGNED NOT NULL AUTO_INCREMENT;

--
-- AUTO_INCREMENT untuk tabel `roles`
--
ALTER TABLE `roles`
  MODIFY `id` bigint(20) UNSIGNED NOT NULL AUTO_INCREMENT, AUTO_INCREMENT=3;

--
-- AUTO_INCREMENT untuk tabel `ruangans`
--
ALTER TABLE `ruangans`
  MODIFY `id` bigint(20) UNSIGNED NOT NULL AUTO_INCREMENT, AUTO_INCREMENT=18;

--
-- AUTO_INCREMENT untuk tabel `status_dosen_matkuls`
--
ALTER TABLE `status_dosen_matkuls`
  MODIFY `id` bigint(20) UNSIGNED NOT NULL AUTO_INCREMENT, AUTO_INCREMENT=2;

--
-- AUTO_INCREMENT untuk tabel `status_dosen_waktus`
--
ALTER TABLE `status_dosen_waktus`
  MODIFY `id` bigint(20) UNSIGNED NOT NULL AUTO_INCREMENT, AUTO_INCREMENT=2;

--
-- AUTO_INCREMENT untuk tabel `status_proses`
--
ALTER TABLE `status_proses`
  MODIFY `id` bigint(20) UNSIGNED NOT NULL AUTO_INCREMENT, AUTO_INCREMENT=2;

--
-- AUTO_INCREMENT untuk tabel `users`
--
ALTER TABLE `users`
  MODIFY `id` bigint(20) UNSIGNED NOT NULL AUTO_INCREMENT, AUTO_INCREMENT=8;

--
-- Ketidakleluasaan untuk tabel pelimpahan (Dumped Tables)
--

--
-- Ketidakleluasaan untuk tabel `dosen_matkuls`
--
ALTER TABLE `dosen_matkuls`
  ADD CONSTRAINT `dosen_matkuls_dosen_id_foreign` FOREIGN KEY (`dosen_id`) REFERENCES `dosens` (`id`),
  ADD CONSTRAINT `dosen_matkuls_matakuliah_id_foreign` FOREIGN KEY (`matakuliah_id`) REFERENCES `matakuliahs` (`id`);

--
-- Ketidakleluasaan untuk tabel `dosen_waktus`
--
ALTER TABLE `dosen_waktus`
  ADD CONSTRAINT `dosen_waktus_dosen_id_foreign` FOREIGN KEY (`dosen_id`) REFERENCES `dosens` (`id`),
  ADD CONSTRAINT `dosen_waktus_hari_id_foreign` FOREIGN KEY (`hari_id`) REFERENCES `haris` (`id`),
  ADD CONSTRAINT `dosen_waktus_jam_id_foreign` FOREIGN KEY (`jam_id`) REFERENCES `jams` (`id`);

--
-- Ketidakleluasaan untuk tabel `jadwals`
--
ALTER TABLE `jadwals`
  ADD CONSTRAINT `jadwals_dosen_matkul_id_foreign` FOREIGN KEY (`dosen_matkul_id`) REFERENCES `dosen_matkuls` (`id`),
  ADD CONSTRAINT `jadwals_dosen_waktu_id_foreign` FOREIGN KEY (`dosen_waktu_id`) REFERENCES `dosen_waktus` (`id`),
  ADD CONSTRAINT `jadwals_kelas_id_foreign` FOREIGN KEY (`kelas_id`) REFERENCES `kelas` (`id`),
  ADD CONSTRAINT `jadwals_ruangan_id_foreign` FOREIGN KEY (`ruangan_id`) REFERENCES `ruangans` (`id`);

--
-- Ketidakleluasaan untuk tabel `kelas`
--
ALTER TABLE `kelas`
  ADD CONSTRAINT `kelas_mahasiswa_id_foreign` FOREIGN KEY (`mahasiswa_id`) REFERENCES `mahasiswas` (`id`);

--
-- Ketidakleluasaan untuk tabel `users`
--
ALTER TABLE `users`
  ADD CONSTRAINT `users_role_id_foreign` FOREIGN KEY (`role_id`) REFERENCES `roles` (`id`);
COMMIT;

/*!40101 SET CHARACTER_SET_CLIENT=@OLD_CHARACTER_SET_CLIENT */;
/*!40101 SET CHARACTER_SET_RESULTS=@OLD_CHARACTER_SET_RESULTS */;
/*!40101 SET COLLATION_CONNECTION=@OLD_COLLATION_CONNECTION */;
